id,target,prediction,abs_error
mb-kvrh-09865,2.03342375548695,1.952531,0.08089277537678141
mb-kvrh-00986,1.8864907251724818,1.9666023,0.08011160026697128
mb-kvrh-10203,1.9493900066449128,1.8920878,0.05730218945283516
mb-kvrh-02231,1.8692317197309762,1.9581903,0.08895860219132601
mb-kvrh-09645,1.9138138523837167,1.960526,0.046712137148753996
mb-kvrh-04353,2.214843848047698,2.2977045,0.08286061018899638
mb-kvrh-06866,2.03342375548695,2.035369,0.001945163885608725
mb-kvrh-04465,2.399673721481038,2.446163,0.046489217590617304
mb-kvrh-05810,1.919078092376074,1.6642678,0.2548103139794675
mb-kvrh-02048,1.9777236052888478,1.9589424,0.018781191958769705
mb-kvrh-01526,1.9731278535996986,2.0518796,0.07875179079422234
mb-kvrh-07083,1.954242509439325,1.8446789,0.1095636306551453
mb-kvrh-03439,1.8750612633917,2.044175,0.1691136461999747
mb-kvrh-05367,0.9542425094393249,1.210304,0.2560615123960023
mb-kvrh-09468,2.2174839442139063,2.1449804,0.07250351361087892
mb-kvrh-06096,2.1931245983544616,2.2274475,0.03432291141116339
mb-kvrh-07636,2.100370545117563,2.1009243,0.0005537083461821801
mb-kvrh-00114,1.591064607026499,1.632432,0.041367376921254806
mb-kvrh-06915,1.3979400086720377,1.4296062,0.03166619059248865
mb-kvrh-00223,1.7403626894942439,1.7150998,0.025262877940288808
mb-kvrh-03918,1.7323937598229686,1.7126099,0.019783872699860705
mb-kvrh-07848,1.7075701760979363,1.5446297,0.16294048306662523
mb-kvrh-07438,1.462397997898956,1.4589539,0.0034441404770810813
mb-kvrh-03975,1.2041199826559248,1.7282913,0.5241712904611406
mb-kvrh-07115,2.0863598306747484,1.9698225,0.11653730469666002
mb-kvrh-09549,1.1760912590556813,1.4927942,0.3167028970188426
mb-kvrh-01043,1.7075701760979363,1.591255,0.11631522652823412
mb-kvrh-03106,1.7403626894942439,1.7228805,0.017482206820598867
mb-kvrh-01796,2.3283796034387376,2.3644755,0.036095885223982105
mb-kvrh-03192,2.0530784434834195,2.0614107,0.00833222202866546
mb-kvrh-02418,2.0170333392987803,2.0603516,0.04331827088493556
mb-kvrh-00674,1.9444826721501687,1.9973485,0.052865874831642845
mb-kvrh-08622,1.8920946026904804,2.024016,0.13192130078242004
mb-kvrh-01795,2.143014800254095,1.9090987,0.23391605586169995
mb-kvrh-10245,1.8976270912904414,1.8923194,0.0053076504487665765
mb-kvrh-02085,2.060697840353612,1.6432228,0.4174750315157212
mb-kvrh-03194,1.662757831681574,2.0469675,0.3842096747271173
mb-kvrh-07730,1.8129133566428555,1.7730398,0.03987353883279687
mb-kvrh-10244,2.3729120029701067,2.3024857,0.07042629854810967
mb-kvrh-05653,2.374748346010104,2.3439193,0.030829068818941874
mb-kvrh-03883,1.9444826721501687,1.9747535,0.030270826880898216
mb-kvrh-09670,2.296665190261531,2.4702518,0.1735866083682298
mb-kvrh-03326,1.6232492903979006,1.7465279,0.12327861983464339
mb-kvrh-08809,1.2304489213782739,1.5527332,0.3222842615288306
mb-kvrh-06057,2.2121876044039577,2.3080897,0.09590212871982162
mb-kvrh-00963,1.9822712330395684,1.8213261,0.16094509645051813
mb-kvrh-07713,0.47712125471966244,1.5480332,1.070911982737613
mb-kvrh-06802,1.380211241711606,1.3642194,0.01599181460284127
mb-kvrh-10722,1.5185139398778875,1.5845135,0.0659996051584284
mb-kvrh-00030,1.255272505103306,1.3234038,0.06813133019332485
mb-kvrh-03405,1.8808135922807914,1.7996429,0.08117067178671178
mb-kvrh-01885,1.919078092376074,1.8513167,0.06776140193112767
mb-kvrh-06535,2.247973266361807,2.216322,0.031651321171377145
mb-kvrh-09479,1.9395192526186185,1.9201804,0.019338812669582817
mb-kvrh-02962,1.6901960800285136,1.7394254,0.04922934073259477
mb-kvrh-05185,2.1789769472931693,2.0888445,0.09013240955818391
mb-kvrh-05691,2.255272505103306,2.153162,0.10211050253982945
mb-kvrh-02778,1.6989700043360187,1.7196816,0.02071161626182061
mb-kvrh-02320,1.806179973983887,1.7296351,0.07654485454571569
mb-kvrh-09509,2.0293837776852097,1.8585942,0.17078959853176734
mb-kvrh-01902,1.9912260756924949,2.0085545,0.017328382925669183
mb-kvrh-10958,1.9867717342662448,2.0830138,0.09624203869823278
mb-kvrh-01877,2.1172712956557644,2.0810223,0.03624903308252225
mb-kvrh-04602,2.385606273598312,2.4992695,0.11366321187532069
mb-kvrh-04669,2.4345689040341987,2.5139053,0.07933638275474175
mb-kvrh-09758,2.346352974450639,2.3869376,0.040584643804976395
mb-kvrh-09878,1.9030899869919435,1.6733121,0.22977791900640887
mb-kvrh-01799,1.9294189257142926,1.8923895,0.03702938981036197
mb-kvrh-08861,0.8450980400142568,1.4092574,0.5641593719425303
mb-kvrh-00693,2.037426497940624,1.9100329,0.12739362955530886
mb-kvrh-02883,1.6720978579357175,1.4822503,0.1898475251033811
mb-kvrh-03767,1.3424226808222062,1.2145541,0.12786860939581457
mb-kvrh-01112,0.9030899869919435,1.0634961,0.1604061258315428
mb-kvrh-01242,1.5440680443502757,1.7515553,0.20748727925049337
mb-kvrh-10061,1.6020599913279623,1.7632735,0.161213486226359
mb-kvrh-02609,1.7323937598229686,1.655559,0.0768348160744945
mb-kvrh-03328,1.9777236052888478,2.0583084,0.0805847576719676
mb-kvrh-08707,2.037426497940624,1.9958417,0.041584756378734156
mb-kvrh-04782,2.225309281725863,2.121066,0.10424318828103862
mb-kvrh-08405,1.7558748556724915,1.7358831,0.01999173895038453
mb-kvrh-09861,1.5185139398778875,1.7792472,0.2607332248483698
mb-kvrh-01330,1.255272505103306,1.2945765,0.03930402058486537
mb-kvrh-06221,1.919078092376074,1.7957034,0.12337468127377904
mb-kvrh-00348,1.7634279935629373,1.7830887,0.019660690519093915
mb-kvrh-10076,2.367355921026019,2.253346,0.11400995468690756
mb-kvrh-10868,1.6720978579357175,1.727087,0.05498916293830591
mb-kvrh-00703,1.7708520116421442,1.8229519,0.05209990123779962
mb-kvrh-00101,1.8195439355418688,1.8063331,0.013210870508909789
mb-kvrh-02808,2.0293837776852097,1.9637872,0.0655965796184983
mb-kvrh-00624,2.143014800254095,2.096586,0.04642881125568188
mb-kvrh-05355,2.2405492482826,2.160231,0.08031813484876205
mb-kvrh-05400,1.7323937598229686,1.7015667,0.030827063655976428
mb-kvrh-10409,2.1492191126553797,2.1251523,0.024066763183333784
mb-kvrh-03810,1.9084850188786497,1.8860474,0.02243765559739974
mb-kvrh-03814,1.2304489213782739,0.8598931,0.3705558378058862
mb-kvrh-06882,2.100370545117563,1.6969991,0.4033714720889985
mb-kvrh-03921,1.9637878273455553,2.063584,0.09979626193361946
mb-kvrh-08973,1.6334684555795864,1.750562,0.11709349701135596
mb-kvrh-05832,1.9030899869919435,1.8363698,0.0667202341080324
mb-kvrh-09971,1.7993405494535817,1.5996823,0.1996582183683766
mb-kvrh-08563,2.376576957056512,2.3605065,0.016070422480095825
mb-kvrh-08128,1.9493900066449128,1.985236,0.035846042053512495
mb-kvrh-04299,0.8450980400142568,0.92608434,0.08098629960442605
mb-kvrh-10397,0.6989700043360189,0.6756973,0.023272677675862607
mb-kvrh-06167,1.8976270912904414,1.8856962,0.011930918576207983
mb-kvrh-02000,2.311753861055754,2.2483525,0.063401333437346
mb-kvrh-03463,1.6720978579357175,1.6615663,0.010531600458910884
mb-kvrh-03063,2.2041199826559246,2.1990554,0.00506454938260914
mb-kvrh-07781,1.6127838567197355,1.7075251,0.09474127736687343
mb-kvrh-07181,1.6720978579357175,1.8092163,0.13711840297431666
mb-kvrh-00483,1.8692317197309762,1.8917079,0.02247617745530306
mb-kvrh-09114,2.2671717284030137,2.2458258,0.021345960885923887
mb-kvrh-06464,2.2430380486862944,2.1596203,0.08341776365211473
mb-kvrh-05878,1.845098040014257,1.8735954,0.02849731692696622
mb-kvrh-02206,2.1492191126553797,2.1516428,0.002423686722061724
mb-kvrh-07474,1.7993405494535817,1.8195379,0.02019732858291734
mb-kvrh-06104,2.0253058652647704,1.9561888,0.06911706731402578
mb-kvrh-07994,2.3364597338485296,2.3462005,0.009740732307476296
mb-kvrh-10753,1.9138138523837167,1.9012635,0.012550376965625887
mb-kvrh-01427,1.845098040014257,1.8744464,0.029348352045069248
mb-kvrh-07665,1.7323937598229686,1.6577619,0.07463182840359606
mb-kvrh-02629,2.307496037913213,2.256217,0.05127903504456066
mb-kvrh-01918,2.2764618041732443,2.1924896,0.08397218014980679
mb-kvrh-08130,2.3283796034387376,2.355842,0.027462510056135425
mb-kvrh-00751,2.161368002234975,2.1805131,0.019145141304453883
mb-kvrh-07213,2.1789769472931693,2.2620733,0.08309633113395476
mb-kvrh-06956,2.2329961103921536,2.1878428,0.045153264475405575
mb-kvrh-07825,2.3654879848909,2.3921156,0.026627608065643127
mb-kvrh-06261,1.6232492903979006,1.717099,0.09384966094182112
mb-kvrh-03729,2.164352855784437,2.1456766,0.01867624293043324
mb-kvrh-00284,1.3979400086720377,1.658848,0.260908038584432
mb-kvrh-09360,1.2304489213782739,1.2471251,0.016676227394919474
mb-kvrh-08418,2.2648178230095364,2.2887356,0.02391780511851538
mb-kvrh-06896,1.8195439355418688,1.7184734,0.10107050109362659
mb-kvrh-01614,1.5797835966168101,1.6111172,0.03133364714997455
mb-kvrh-00578,1.6020599913279623,1.6661031,0.06404313329056799
mb-kvrh-03494,2.0791812460476247,2.007645,0.07153635430873306
mb-kvrh-04466,1.9344984512435677,2.017006,0.08250746916658858
mb-kvrh-02315,1.7323937598229686,1.6755824,0.05681135091793932
mb-kvrh-02372,2.481442628502305,2.8902583,0.408815683723037
mb-kvrh-02804,2.4756711883244296,2.4844146,0.008743389159701298
mb-kvrh-00521,1.8388490907372552,1.7717912,0.06705787102595151
mb-kvrh-00841,2.0453229787866576,2.1076565,0.06233350009517835
mb-kvrh-01772,2.2068258760318495,2.2886837,0.08185777684595807
mb-kvrh-08013,2.271841606536499,2.2132394,0.05860217515527344
mb-kvrh-06317,1.8920946026904804,1.6460901,0.2460044528110248
mb-kvrh-06964,2.1760912590556813,2.2194111,0.043319875664167284
mb-kvrh-02499,1.5185139398778875,1.6088054,0.09029147813663885
mb-kvrh-03689,1.845098040014257,1.850359,0.005260922998438389
mb-kvrh-05891,2.1760912590556813,2.1971736,0.02108233637278545
mb-kvrh-06743,2.0293837776852097,2.0539882,0.024604440622285395
mb-kvrh-03707,2.0718820073061255,2.0396988,0.032183168118503414
mb-kvrh-05131,1.7993405494535817,1.6298105,0.169530096992339
mb-kvrh-07960,1.6127838567197355,2.0107012,0.3979173227846591
mb-kvrh-07520,1.9242792860618816,1.9100688,0.014210535680411862
mb-kvrh-09181,2.2095150145426308,2.0158637,0.1936513575449501
mb-kvrh-04760,1.5797835966168101,1.327348,0.2524356027661021
mb-kvrh-04220,1.414973347970818,1.1493537,0.26561960537133067
mb-kvrh-08376,2.184691430817599,2.3383412,0.15364980529690309
mb-kvrh-06727,1.9030899869919435,2.0687602,0.1656701696395262
mb-kvrh-06905,2.0,2.2214508,0.2214508056640625
mb-kvrh-01555,2.4683473304121573,2.5803187,0.11197135893415622
mb-kvrh-08969,2.0293837776852097,2.1090047,0.07962095826144555
mb-kvrh-08124,1.9493900066449128,1.8435566,0.10583336411256417
mb-kvrh-02467,1.7558748556724915,1.8260367,0.07016183599315795
mb-kvrh-00265,2.419955748489758,2.2929568,0.1269989194187131
mb-kvrh-09513,1.8129133566428555,1.5989292,0.21398418984903222
mb-kvrh-07132,2.315970345456918,2.3855095,0.06953914550987905
mb-kvrh-08428,1.3979400086720377,1.5199392,0.12199917551680506
mb-kvrh-03706,1.7481880270062005,1.9308759,0.18268787040133128
mb-kvrh-06870,1.591064607026499,1.6413114,0.0502468000627343
mb-kvrh-08788,2.0086001717619175,1.8500677,0.15853243704359476
mb-kvrh-03400,1.9294189257142926,1.9693264,0.039907451200685395
mb-kvrh-05677,2.3324384599156054,2.3486938,0.01625538774064461
mb-kvrh-09345,1.6334684555795864,1.8649408,0.23147230694025
mb-kvrh-02282,1.5797835966168101,1.6670728,0.08728917636292621
mb-kvrh-08798,2.0253058652647704,2.0270865,0.0017806310883790033
mb-kvrh-09612,1.954242509439325,1.9122988,0.04194371087822879
mb-kvrh-02121,2.0681858617461617,2.0496964,0.01848941628107381
mb-kvrh-02810,1.6989700043360187,1.9090817,0.2101116931279705
mb-kvrh-02642,1.9822712330395684,1.9954624,0.013191184562970637
mb-kvrh-01096,2.3961993470957363,2.527161,0.13096153585409276
mb-kvrh-08855,1.7993405494535817,1.8537159,0.05437534715286363
mb-kvrh-09635,1.6901960800285136,1.4906011,0.19959501725385542
mb-kvrh-03162,2.3096301674258988,2.240868,0.06876207584264682
mb-kvrh-10280,0.7781512503836436,0.80952597,0.031374716260643476
mb-kvrh-09749,2.322219294733919,2.5088084,0.18658907967098814
mb-kvrh-08200,1.9590413923210936,1.9547422,0.004299199099047746
mb-kvrh-10549,2.12057393120585,2.1182928,0.002281122673135183
mb-kvrh-10899,2.214843848047698,2.2044559,0.010387995539153039
mb-kvrh-00089,1.7993405494535817,1.8326048,0.033264216438447125
mb-kvrh-06332,1.9395192526186185,1.8730459,0.06647333129293487
mb-kvrh-00657,1.7403626894942439,1.4825945,0.25776819944297436
mb-kvrh-09747,2.2576785748691846,2.1592975,0.09838110859110838
mb-kvrh-00515,2.376576957056512,2.2484045,0.1281724541878595
mb-kvrh-05316,1.6812412373755872,1.7048886,0.023647344854027086
mb-kvrh-10947,2.123851640967086,2.024291,0.09956060245390219
mb-kvrh-10660,1.8388490907372552,1.7834531,0.05539598385706723
mb-kvrh-09935,1.8129133566428555,1.7405045,0.0724088533927334
mb-kvrh-09629,2.1271047983648077,2.1043148,0.022789994287659265
mb-kvrh-09060,1.0791812460476249,1.0808687,0.0016874749606758943
mb-kvrh-09679,2.250420002308894,2.218091,0.03232899126153077
mb-kvrh-09640,2.100370545117563,2.1241078,0.023737292559439016
mb-kvrh-01556,1.591064607026499,1.7820342,0.19096955168016594
mb-kvrh-05743,1.8750612633917,1.7904203,0.0846409695837167
mb-kvrh-03305,2.0863598306747484,2.047012,0.039347739991764996
mb-kvrh-04236,1.6989700043360187,1.745658,0.04668803571067315
mb-kvrh-06622,2.298853076409707,2.2986884,0.00016466469706033493
mb-kvrh-09850,2.2380461031287955,2.2569919,0.01894576012193694
mb-kvrh-08093,1.9867717342662448,2.0290005,0.042228786439932
mb-kvrh-05272,1.8195439355418688,1.9433569,0.12381293606305066
mb-kvrh-01370,1.7853298350107671,1.9006066,0.11527679722189887
mb-kvrh-02729,2.0492180226701815,1.9518883,0.0973296998399813
mb-kvrh-03119,2.3560258571931225,2.2332757,0.12275020526135982
mb-kvrh-04227,2.346352974450639,2.3296,0.016752878701737473
mb-kvrh-10944,2.037426497940624,2.049079,0.01165244340459104
mb-kvrh-05102,2.1271047983648077,1.7525821,0.3745227251531378
mb-kvrh-10693,1.919078092376074,1.4474614,0.4716167257226316
mb-kvrh-04049,1.7481880270062005,1.9218708,0.17368280066866526
mb-kvrh-04492,2.2764618041732443,2.4423454,0.16588357660983677
mb-kvrh-07629,1.8388490907372552,1.9128524,0.0740033157645148
mb-kvrh-05604,1.6812412373755872,1.680486,0.0007552735541760391
mb-kvrh-03231,2.255272505103306,2.2905087,0.035236241997524065
mb-kvrh-09701,1.9912260756924949,1.9368107,0.054415343804677496
mb-kvrh-07107,1.724275869600789,1.6509117,0.07336418079616247
mb-kvrh-08785,1.7993405494535817,1.7786313,0.020709219917143695
mb-kvrh-07217,1.6720978579357175,1.61694,0.055157836420824946
mb-kvrh-09866,2.0755469613925306,1.9392219,0.1363251024142591
mb-kvrh-05402,1.591064607026499,1.6797636,0.0886989485002343
mb-kvrh-08071,1.4313637641589874,1.5249836,0.09361988032648627
mb-kvrh-07275,2.0863598306747484,1.9766446,0.1097151954742479
mb-kvrh-10370,2.3783979009481375,2.4072742,0.02887634526768279
mb-kvrh-04998,1.6127838567197355,1.3373355,0.27544838938117344
mb-kvrh-03671,1.8129133566428555,1.5173216,0.29559177003396875
mb-kvrh-00011,1.4471580313422192,1.8201777,0.37301964295129886
mb-kvrh-00937,1.0791812460476249,1.1045768,0.025395580047956168
mb-kvrh-04502,1.8864907251724818,1.9403876,0.05389688144830673
mb-kvrh-02916,1.5314789170422551,1.5366147,0.005135739406109119
mb-kvrh-09329,1.4313637641589874,1.4992646,0.06790083373377387
mb-kvrh-03513,2.285557309007774,2.3020196,0.01646228709207964
mb-kvrh-02835,1.146128035678238,1.3000091,0.15388109575334163
mb-kvrh-10489,2.3979400086720375,2.188566,0.2093740392048744
mb-kvrh-02611,2.041392685158225,2.0886037,0.047211049811867856
mb-kvrh-10784,1.724275869600789,1.7236829,0.0005929891991776071
mb-kvrh-00227,0.3010299956639812,0.7910639,0.49003390909828687
mb-kvrh-00710,1.792391689498254,1.720668,0.07172373123867137
mb-kvrh-05935,1.5314789170422551,1.4643703,0.06710866634035084
mb-kvrh-05240,1.5314789170422551,1.8439852,0.31250628288602855
mb-kvrh-05288,2.0211892990699383,2.02583,0.0046407313713459075
mb-kvrh-05816,0.9030899869919435,1.0437298,0.14063979511254865
mb-kvrh-00445,2.290034611362518,2.3966496,0.10661498771279954
mb-kvrh-06313,2.2013971243204513,2.2927642,0.09136706253867954
mb-kvrh-00105,1.8388490907372552,1.8540444,0.015195346671192045
mb-kvrh-06475,1.9344984512435677,2.1000204,0.16552195738680342
mb-kvrh-01371,2.2329961103921536,1.9040928,0.32890332169586456
mb-kvrh-06758,1.6020599913279623,1.5486958,0.05336418863936365
mb-kvrh-08456,1.7160033436347992,1.6010756,0.11492769437332462
mb-kvrh-07015,1.9822712330395684,1.9034479,0.07882336659974909
mb-kvrh-10137,1.146128035678238,1.0770339,0.06909415830549626
mb-kvrh-02716,2.155336037465062,2.1428497,0.01248635370346518
mb-kvrh-08293,1.8325089127062364,1.5922894,0.24021946492181256
mb-kvrh-08151,1.919078092376074,1.8702002,0.04887793521054662
mb-kvrh-03089,2.3324384599156054,2.2996676,0.03277086309858879
mb-kvrh-09336,2.103803720955957,2.1098704,0.006066712851416245
mb-kvrh-02454,2.2121876044039577,2.080352,0.13183553645656998
mb-kvrh-08079,1.568201724066995,1.5392973,0.028904381766579945
mb-kvrh-09486,1.1760912590556813,0.7697824,0.40630883508259785
mb-kvrh-10059,1.8864907251724818,1.9085369,0.022046185838260346
mb-kvrh-09879,2.1522883443830563,2.1060386,0.04624977397900354
mb-kvrh-08928,1.2041199826559248,1.4062104,0.20209043985994435
mb-kvrh-10566,1.8325089127062364,1.9448757,0.11236680445684954
mb-kvrh-02242,1.7708520116421442,1.9118752,0.14102323631317804
mb-kvrh-09209,1.6989700043360187,1.8336335,0.1346635377248333
mb-kvrh-04321,2.4265112613645754,2.2645345,0.16197678794538595
mb-kvrh-09696,1.3979400086720377,1.2839615,0.11397847417191564
mb-kvrh-00493,2.187520720836463,2.1806042,0.006916501399817587
mb-kvrh-10830,2.0569048513364727,2.086032,0.0291270624208515
mb-kvrh-07853,1.9493900066449128,1.9893683,0.039978312866500776
mb-kvrh-10823,1.9493900066449128,1.9170291,0.032360864265152056
mb-kvrh-04787,1.7160033436347992,1.5443214,0.1716819258262665
mb-kvrh-06978,2.374748346010104,2.3590128,0.015735503831759257
mb-kvrh-01805,2.012837224705172,2.1125538,0.09971661020998912
mb-kvrh-10796,2.1789769472931693,2.2616906,0.08271366931449675
mb-kvrh-01241,1.6127838567197355,1.5136486,0.09913522753119786
mb-kvrh-08577,0.6989700043360189,0.434968,0.26400200964607745
mb-kvrh-04653,2.484299839346786,2.5869946,0.10269480863295044
mb-kvrh-01484,1.3979400086720377,1.5437748,0.14583483454390467
mb-kvrh-03588,1.2304489213782739,1.1517448,0.07870407884897701
mb-kvrh-03291,2.2227164711475833,2.2941582,0.07144174914355439
mb-kvrh-09542,1.968482948553935,1.7733264,0.19515655161179635
mb-kvrh-02272,2.4638929889859074,2.1570435,0.30684953195465736
mb-kvrh-00829,2.230448921378274,2.2392583,0.008809367958884096
mb-kvrh-01881,1.9344984512435677,1.802108,0.13239040185086748
mb-kvrh-06923,1.7403626894942439,1.7206782,0.01968447923576
mb-kvrh-09956,2.1072099696478683,2.0035317,0.10367827523563689
mb-kvrh-04072,2.1335389083702174,2.1257029,0.007836050399026018
mb-kvrh-05318,1.7993405494535817,1.8473899,0.04804938699356187
mb-kvrh-10774,1.8750612633917,1.9372871,0.06222582881716221
mb-kvrh-09022,1.568201724066995,1.6651844,0.09698265455696742
mb-kvrh-03635,1.5563025007672873,1.5792704,0.02296786208671664
mb-kvrh-05046,2.3324384599156054,2.320361,0.012077560944047772
mb-kvrh-02003,2.0755469613925306,2.0067499,0.06879709299958625
mb-kvrh-01731,1.8692317197309762,1.8526758,0.01655592417586149
mb-kvrh-04263,2.247973266361807,2.260501,0.012527641536142387
mb-kvrh-10497,1.7160033436347992,1.8909953,0.1749919204185455
mb-kvrh-03263,1.7481880270062005,1.7821504,0.03396236075777659
mb-kvrh-04286,1.255272505103306,1.5433328,0.2880603100669821
mb-kvrh-03507,1.8573324964312685,1.7310088,0.12632372834960348
mb-kvrh-02392,1.4313637641589874,2.0095706,0.5782068344433076
mb-kvrh-06197,1.792391689498254,1.7353818,0.057009847838707994
mb-kvrh-02140,2.230448921378274,2.2494607,0.019011775795798158
mb-kvrh-00590,2.110589710299249,2.062687,0.047902790133233175
mb-kvrh-04870,1.8920946026904804,1.9428177,0.050723085297800896
mb-kvrh-08092,1.2304489213782739,1.2975271,0.06707815343556889
mb-kvrh-02289,1.3617278360175928,1.1824045,0.17932331789015143
mb-kvrh-09203,2.1398790864012365,1.8660296,0.2738494662306432
mb-kvrh-05123,2.100370545117563,2.1836953,0.08332477119713433
mb-kvrh-00240,2.3096301674258988,2.3568916,0.04726146465417935
mb-kvrh-00512,2.100370545117563,2.1342921,0.03392158058434136
mb-kvrh-09700,1.7634279935629373,1.7273008,0.03612723043274935
mb-kvrh-04405,1.8260748027008264,1.808082,0.017992818180867953
mb-kvrh-04743,1.6901960800285136,1.6829643,0.0072317550773417505
mb-kvrh-00460,2.093421685162235,2.0015342,0.09188746160571659
mb-kvrh-01826,1.6334684555795864,1.6699815,0.03651302406518897
mb-kvrh-00738,1.9084850188786497,1.9082334,0.00025161471910384314
mb-kvrh-02105,2.0569048513364727,2.2527409,0.19583600864887885
mb-kvrh-01898,1.414973347970818,1.5453342,0.13036087196173818
mb-kvrh-07187,2.298853076409707,2.293468,0.005385077905068147
mb-kvrh-00142,1.3010299956639813,1.398667,0.097636982218404
mb-kvrh-05315,1.9822712330395684,1.3910465,0.5912247089917169
mb-kvrh-01854,2.2576785748691846,2.26621,0.008531504323930683
mb-kvrh-02673,2.0718820073061255,2.0665936,0.005288360302951656
mb-kvrh-02644,2.303196057420489,2.3235254,0.020329371351483605
mb-kvrh-06698,1.99563519459755,1.987968,0.007667226610489353
mb-kvrh-07526,1.6020599913279623,1.6219891,0.019929139645853633
mb-kvrh-06816,1.7403626894942439,1.6967119,0.043650791644207265
mb-kvrh-00806,2.290034611362518,2.3286448,0.03861014113992356
mb-kvrh-01084,1.6232492903979006,1.5338153,0.0894340256960573
mb-kvrh-06477,2.369215857410143,2.3844285,0.015212643719007435
mb-kvrh-02555,1.4313637641589874,1.0733001,0.3580636409442657
mb-kvrh-09300,1.6232492903979006,1.6853324,0.06208312709019759
mb-kvrh-07579,2.041392685158225,1.9470083,0.09438443301436505
mb-kvrh-08712,2.2833012287035497,2.1314838,0.1518174354448827
mb-kvrh-04860,1.7853298350107671,1.7115444,0.07378544051766411
mb-kvrh-04656,1.792391689498254,1.7863492,0.006042512137719225
mb-kvrh-04724,2.4727564493172123,2.3223393,0.1504171529762699
mb-kvrh-09782,2.130333768495006,2.088683,0.041650878556651616
mb-kvrh-10966,1.7634279935629373,1.7340918,0.02933623483490999
mb-kvrh-03461,1.6334684555795864,1.640343,0.006874495241336431
mb-kvrh-06827,1.9395192526186185,1.8291063,0.11041292174703643
mb-kvrh-06004,1.6901960800285136,1.7324115,0.04221542376329546
mb-kvrh-09753,2.037426497940624,2.0162938,0.02113273382624392
mb-kvrh-03561,1.5440680443502757,1.7428654,0.19879739887939962
mb-kvrh-09892,1.1760912590556813,1.4199066,0.24381535715525615
mb-kvrh-01598,2.4668676203541096,2.6482785,0.1814108544536297
mb-kvrh-08437,1.7993405494535817,1.7076483,0.09169227217086684
mb-kvrh-00535,2.123851640967086,2.0734625,0.05038915469999594
mb-kvrh-06934,1.9242792860618816,1.6955936,0.22868569055712085
mb-kvrh-03346,1.9242792860618816,1.8709503,0.05332894483721118
mb-kvrh-00250,1.6434526764861874,1.4861381,0.15731457109373137
mb-kvrh-02490,2.0043213737826426,1.9948297,0.009491719089039119
mb-kvrh-03068,1.7993405494535817,1.6667831,0.13255745504745375
mb-kvrh-03349,2.123851640967086,2.0829663,0.04088531329984946
mb-kvrh-07359,1.8195439355418688,1.7928911,0.026652790789366332
mb-kvrh-07379,2.2278867046136734,2.1842637,0.04362299840639805
mb-kvrh-02237,1.9294189257142926,1.7716811,0.15773785538653384
mb-kvrh-01228,2.0170333392987803,2.0297475,0.012714146815721694
mb-kvrh-02132,1.9912260756924949,1.989718,0.0015081153348288634
mb-kvrh-04792,1.7481880270062005,1.7638992,0.015711180108972878
mb-kvrh-00819,1.5563025007672873,1.6980202,0.14171771903556918
mb-kvrh-07803,2.041392685158225,2.0051382,0.036254526360007144
mb-kvrh-02417,2.0086001717619175,1.7780244,0.23057573671858256
mb-kvrh-04725,1.1760912590556813,1.1438004,0.03229088120991719
mb-kvrh-10570,1.5440680443502757,1.6278435,0.08377545483337911
mb-kvrh-10779,2.1789769472931693,2.2864225,0.10744554378043913
mb-kvrh-01248,1.146128035678238,1.3595757,0.21344771276536556
mb-kvrh-10305,1.9731278535996986,2.0717492,0.09862135675796746
mb-kvrh-00434,1.9493900066449128,1.8406882,0.10870177803773506
mb-kvrh-04344,1.8976270912904414,1.8133271,0.08430001723953806
mb-kvrh-09887,1.414973347970818,1.2767053,0.13826808292565196
mb-kvrh-02153,1.7558748556724915,1.7166812,0.03919361368335572
mb-kvrh-00856,0.8450980400142568,1.3410919,0.49599383124733987
mb-kvrh-10822,1.662757831681574,1.5561602,0.10659762011846374
mb-kvrh-05895,1.9493900066449128,1.9480553,0.0013347393109284234
mb-kvrh-06075,2.2095150145426308,2.329629,0.12011392985434188
mb-kvrh-03966,2.383815365980431,2.1253414,0.25847395057515765
mb-kvrh-06840,1.2041199826559248,1.541102,0.3369820690789995
mb-kvrh-07106,1.5314789170422551,1.4905671,0.04091182891511891
mb-kvrh-02562,1.6720978579357175,1.2271283,0.4449695906475095
mb-kvrh-03064,2.041392685158225,1.9888972,0.05249548075911603
mb-kvrh-03078,2.2355284469075487,2.2714515,0.03592302632853528
mb-kvrh-10860,1.3617278360175928,1.3016492,0.0600786231803736
mb-kvrh-07418,1.6720978579357175,1.8306895,0.15859169151038843
mb-kvrh-04244,2.290034611362518,2.2805173,0.009517271656096948
mb-kvrh-03866,1.3424226808222062,1.8254764,0.48305372718255457
mb-kvrh-03915,2.2013971243204513,2.1149335,0.08646363356727749
mb-kvrh-03014,2.0492180226701815,2.0225778,0.026640260066421728
mb-kvrh-09023,1.4313637641589874,1.8367995,0.40543573821375434
mb-kvrh-05665,2.060697840353612,2.0639884,0.0032906068357192453
mb-kvrh-09142,1.5314789170422551,1.2385167,0.29296222869539235
mb-kvrh-07674,1.414973347970818,1.3292983,0.08567509014305918
mb-kvrh-06658,1.4913616938342726,1.5116763,0.020314617658647283
mb-kvrh-09842,1.380211241711606,2.0049467,0.6247354669675933
mb-kvrh-10001,2.012837224705172,2.130545,0.11770767618899303
mb-kvrh-06006,2.0755469613925306,2.0508068,0.02474020060456672
mb-kvrh-03550,1.8512583487190752,2.081873,0.23061459134440132
mb-kvrh-05577,1.724275869600789,1.751491,0.027215080983622686
mb-kvrh-01853,1.9084850188786497,1.8833679,0.025117122798632652
mb-kvrh-08848,0.9030899869919435,1.0518422,0.14875222568505841
mb-kvrh-06947,1.6989700043360187,1.6397086,0.0592613661447956
mb-kvrh-02127,2.0569048513364727,2.0234292,0.03347569598674127
mb-kvrh-09836,2.3961993470957363,2.3530357,0.04316365869546779
mb-kvrh-09298,2.225309281725863,2.04443,0.18087926425454937
mb-kvrh-05561,1.792391689498254,1.9539009,0.16150924376743214
mb-kvrh-07608,1.724275869600789,1.7715373,0.04726143432377161
mb-kvrh-04043,1.9637878273455553,1.8339856,0.12980226025265984
mb-kvrh-08251,1.9242792860618816,2.0097387,0.08545939763867993
mb-kvrh-01807,1.5314789170422551,1.4899763,0.04150263015413258
mb-kvrh-00308,2.376576957056512,2.3053417,0.07123523647545715
mb-kvrh-06457,2.1903316981702914,2.3113155,0.12098383832873205
mb-kvrh-04275,1.6901960800285136,1.8504944,0.16029830473711137
mb-kvrh-06417,1.7403626894942439,1.6144118,0.12595085859214428
mb-kvrh-05130,1.0413926851582251,1.2375507,0.19615805031540767
mb-kvrh-02872,2.4149733479708178,2.6033895,0.18841615360083752
mb-kvrh-07891,1.8573324964312685,1.9494607,0.09212824842651957
mb-kvrh-10630,2.0492180226701815,2.1107886,0.06157056108531167
mb-kvrh-09077,2.110589710299249,2.026638,0.08395167929338943
mb-kvrh-03968,2.110589710299249,2.1811004,0.07051065820050706
mb-kvrh-08347,2.214843848047698,2.2828298,0.06798591345742899
mb-kvrh-00540,2.2355284469075487,2.2295277,0.0060007350392625725
mb-kvrh-04816,1.4471580313422192,1.3248417,0.12231629359502683
mb-kvrh-02978,1.6232492903979006,1.7615616,0.1383123417584715
mb-kvrh-01695,1.1139433523068367,1.3860711,0.2721277336230339
mb-kvrh-08844,1.255272505103306,1.2443147,0.010957834540561873
mb-kvrh-09985,2.0530784434834195,2.080079,0.027000635190896904
mb-kvrh-08451,1.7481880270062005,1.7858626,0.03767453803438792
mb-kvrh-10204,1.8808135922807914,1.8239816,0.05683194955770787
mb-kvrh-03254,2.0755469613925306,2.0553443,0.020202618207105782
mb-kvrh-02451,1.6989700043360187,1.7979119,0.09894187806449395
mb-kvrh-01397,1.6532125137753437,1.4277483,0.2254641912884663
mb-kvrh-09034,1.9777236052888478,2.0104523,0.03272866521896467
mb-kvrh-08282,1.9395192526186185,2.0121472,0.07262793556802705
mb-kvrh-00247,2.167317334748176,2.027446,0.13987130317774144
mb-kvrh-09966,1.4771212547196624,1.3781703,0.0989510028733489
mb-kvrh-09965,1.9867717342662448,1.8731012,0.1136704998302096
mb-kvrh-04073,2.0086001717619175,1.9269601,0.08164006109754984
mb-kvrh-01847,1.8260748027008264,1.7658501,0.060224735562154574
mb-kvrh-03757,1.9867717342662448,2.090435,0.10366329380992712
mb-kvrh-09058,1.9030899869919435,1.7067248,0.1963652240753786
mb-kvrh-04915,1.7558748556724915,1.628147,0.1277278496376404
mb-kvrh-04384,1.0791812460476249,1.1113279,0.03214664053379601
mb-kvrh-02665,2.530199698203082,2.5359046,0.005704947716717701
mb-kvrh-07504,2.161368002234975,2.066804,0.09456407004503342
mb-kvrh-02020,1.7993405494535817,1.8593127,0.05997210408798326
mb-kvrh-03028,2.0170333392987803,2.0950112,0.077977894984667
mb-kvrh-01083,0.9030899869919435,0.65797246,0.2451175319672243
mb-kvrh-09937,1.4771212547196624,1.2114093,0.2657119243516204
mb-kvrh-07254,1.462397997898956,1.5917773,0.1293793267775576
mb-kvrh-09829,2.0863598306747484,2.1537473,0.0673874895004225
mb-kvrh-06908,0.6989700043360189,1.2528691,0.5538991248448893
mb-kvrh-09574,1.99563519459755,2.07676,0.08112485903709366
mb-kvrh-02304,2.0718820073061255,2.1037693,0.03188729506203858
mb-kvrh-01816,2.2095150145426308,2.216745,0.007229885207125086
mb-kvrh-01507,2.100370545117563,2.228254,0.12788353470116265
mb-kvrh-03577,2.187520720836463,2.1882935,0.0007727361947869049
mb-kvrh-08211,2.2121876044039577,2.175374,0.036813573337063143
mb-kvrh-08506,2.383815365980431,2.422242,0.038426560212806216
mb-kvrh-05174,1.5185139398778875,1.5664054,0.047891475657085625
mb-kvrh-09071,2.0718820073061255,1.8977238,0.174158213322666
mb-kvrh-04464,0.9542425094393249,0.8973222,0.05692033155236198
mb-kvrh-06842,1.8692317197309762,2.0325372,0.1633055021775931
mb-kvrh-04151,2.278753600952829,2.1358325,0.14292105281134937
mb-kvrh-03220,1.6812412373755872,1.6413378,0.03990348503336305
mb-kvrh-04260,1.7558748556724915,1.6974949,0.05837999120868531
mb-kvrh-03447,1.7634279935629373,1.6458176,0.11761035611939485
mb-kvrh-07279,1.7481880270062005,1.7981824,0.049994341272302956
mb-kvrh-07234,2.2576785748691846,2.0933747,0.1643038457126904
mb-kvrh-01660,2.3201462861110542,2.308033,0.012113296609101099
mb-kvrh-01744,1.3222192947339193,1.5932436,0.271024304204069
mb-kvrh-05455,1.2304489213782739,1.2391249,0.008675972763876993
mb-kvrh-03854,1.5185139398778875,1.6247373,0.10622332284794256
mb-kvrh-03795,2.399673721481038,2.4966302,0.09695647032194055
mb-kvrh-01694,1.8129133566428555,1.7060487,0.106864629607333
mb-kvrh-03567,2.2430380486862944,2.1776118,0.06542622083595262
mb-kvrh-01419,1.6901960800285136,1.7436162,0.05342014330675249
mb-kvrh-02228,2.294466226161593,2.3211403,0.02667406314504772
mb-kvrh-00205,1.8692317197309762,1.7843025,0.08492924666273893
mb-kvrh-04790,1.2787536009528289,1.4243536,0.14559999859551098
mb-kvrh-06150,2.089905111439398,2.017406,0.07249912465350938
mb-kvrh-01991,1.9777236052888478,1.4813323,0.49639130319534197
mb-kvrh-01469,1.1760912590556813,1.0212321,0.1548591309123708
mb-kvrh-00376,1.414973347970818,1.3703706,0.04460272152123301
mb-kvrh-00481,2.230448921378274,2.294168,0.06371907407460675
mb-kvrh-10154,1.8750612633917,1.8486772,0.026384105035987204
mb-kvrh-01616,2.292256071356476,2.3462899,0.054033801766693035
mb-kvrh-02658,1.7708520116421442,2.0893953,0.31854327301056573
mb-kvrh-04091,2.041392685158225,2.036464,0.0049287092518528475
mb-kvrh-06451,0.9030899869919435,1.2486346,0.3455445898055418
mb-kvrh-06461,2.164352855784437,2.218864,0.0545111082963734
mb-kvrh-02366,1.9138138523837167,1.9989172,0.08510336963929355
mb-kvrh-01367,1.9084850188786497,2.0469954,0.13851038250379655
mb-kvrh-08295,2.1335389083702174,2.1584458,0.024906926743307967
mb-kvrh-04251,1.9294189257142926,1.8318753,0.09754360146502505
mb-kvrh-02817,1.8195439355418688,1.9709047,0.1513607723667616
mb-kvrh-03212,1.5440680443502757,1.5521843,0.008116298987737025
mb-kvrh-08833,1.9822712330395684,1.9400588,0.042212405639360906
mb-kvrh-00979,2.0453229787866576,2.1260834,0.08076039523677991
mb-kvrh-02334,1.954242509439325,2.0179486,0.06370611803259885
mb-kvrh-08921,2.1702617153949575,2.2632575,0.092995788114564
mb-kvrh-09538,2.2227164711475833,2.2468784,0.024161914396239936
mb-kvrh-06996,2.12057393120585,2.2887921,0.1682182021254488
mb-kvrh-02571,2.0969100130080562,1.9787486,0.11816145305627401
mb-kvrh-08627,1.8864907251724818,1.934127,0.0476362479796788
mb-kvrh-01920,1.5797835966168101,1.6122532,0.03246959247010395
mb-kvrh-07456,1.6989700043360187,1.7162626,0.017292574628214652
mb-kvrh-08330,1.5185139398778875,1.5339625,0.015448548296550957
mb-kvrh-03608,2.0170333392987803,2.3763943,0.3593609325518057
mb-kvrh-02485,2.255272505103306,2.3367822,0.08150971192245082
mb-kvrh-01387,1.591064607026499,2.1055028,0.5144382368303124
mb-kvrh-05863,2.271841606536499,2.1346254,0.13721617166101074
mb-kvrh-05739,2.1818435879447726,2.1383786,0.043464967797067544
mb-kvrh-00824,1.8808135922807914,1.8558782,0.024935358371184435
mb-kvrh-07371,2.2695129442179165,2.289435,0.019921965602640146
mb-kvrh-02524,2.110589710299249,1.7387993,0.3717903767268611
mb-kvrh-04453,2.103803720955957,2.0587687,0.045034971718896255
mb-kvrh-08111,2.214843848047698,2.1542578,0.06058607369467062
mb-kvrh-08105,2.1818435879447726,2.123181,0.05866248328473844
mb-kvrh-04741,1.8195439355418688,1.8937451,0.07420112919354382
mb-kvrh-09763,1.7481880270062005,1.6037781,0.14440990315060964
mb-kvrh-08156,2.0530784434834195,2.0829685,0.02989002995102874
mb-kvrh-02906,2.123851640967086,2.1718347,0.04798306629304605
mb-kvrh-02298,1.5185139398778875,1.6120117,0.09349773118839666
mb-kvrh-03542,2.0644579892269186,2.206963,0.14250507305945836
mb-kvrh-07603,1.6434526764861874,1.559504,0.08394864435117766
mb-kvrh-05768,1.3617278360175928,1.1567934,0.20493448007582038
mb-kvrh-00486,1.806179973983887,2.0379386,0.23175862083422816
mb-kvrh-07196,2.3909351071033793,2.3653023,0.025632782808335364
mb-kvrh-08443,1.7481880270062005,1.7418133,0.006374724966100365
mb-kvrh-09214,1.9822712330395684,2.0355487,0.053277453941632746
mb-kvrh-09571,2.225309281725863,2.0041828,0.22112646617410503
mb-kvrh-04747,2.2121876044039577,2.3220024,0.1098148064847142
mb-kvrh-01873,2.123851640967086,1.9231434,0.20070825412626547
mb-kvrh-02552,1.7708520116421442,1.807913,0.03706093410523126
mb-kvrh-00508,1.7160033436347992,1.7073827,0.008620664649203524
mb-kvrh-06392,2.0492180226701815,1.8891432,0.1600747941392977
mb-kvrh-02690,1.3424226808222062,1.7360905,0.3936678600637191
mb-kvrh-02083,2.1583624920952498,2.1472983,0.01106415606619704
mb-kvrh-02833,2.2380461031287955,2.289417,0.05137092529832854
mb-kvrh-04910,1.3222192947339193,1.4023747,0.0801554496813639
mb-kvrh-06433,1.863322860120456,1.5788696,0.2844532788979217
mb-kvrh-02408,2.5854607295085006,2.34794,0.23752076139936973
mb-kvrh-05207,2.311753861055754,2.35518,0.04342616404495381
mb-kvrh-03923,2.1522883443830563,2.1380696,0.01421871471386682
mb-kvrh-01334,1.8864907251724818,2.0869498,0.2004591001143834
mb-kvrh-09611,2.322219294733919,2.2506564,0.07156292838565248
mb-kvrh-03902,1.9493900066449128,2.0226567,0.07326667250852958
mb-kvrh-05313,1.8195439355418688,1.7237445,0.09579942393755969
mb-kvrh-03760,1.919078092376074,1.8235127,0.09556541899808324
mb-kvrh-04611,2.2405492482826,2.3297005,0.08915122168810319
mb-kvrh-00925,1.7558748556724915,1.79068,0.03480519517742309
mb-kvrh-07088,2.2278867046136734,2.20899,0.018896607567775003
mb-kvrh-00664,1.8573324964312685,1.8047593,0.05257323243895895
mb-kvrh-10603,2.4638929889859074,2.3803384,0.08355455858124428
mb-kvrh-07967,1.7558748556724915,1.8190019,0.06312705739818725
mb-kvrh-03357,1.3222192947339193,1.36761,0.045390682988248665
mb-kvrh-10258,1.8976270912904414,1.9993242,0.10169711124709524
mb-kvrh-09768,2.041392685158225,2.035818,0.00557458518263898
mb-kvrh-08426,2.2648178230095364,2.1532865,0.1115313659477688
mb-kvrh-10604,2.3324384599156054,2.3268428,0.005595675034013592
mb-kvrh-09002,2.290034611362518,2.334397,0.04436246619790696
mb-kvrh-07157,1.4471580313422192,1.4705343,0.023376293303776885
mb-kvrh-08466,1.7323937598229686,1.6855567,0.04683710966122545
mb-kvrh-07486,1.6989700043360187,1.5556899,0.14328007342018623
mb-kvrh-01645,2.0863598306747484,2.2415526,0.15519276064910414
mb-kvrh-01715,2.374748346010104,2.3365843,0.038164016405001444
mb-kvrh-01009,2.2810333672477277,2.3886647,0.1076313551948993
mb-kvrh-03593,1.3617278360175928,1.3780344,0.016306517238632745
mb-kvrh-04775,2.0,1.9810821,0.01891791820526123
mb-kvrh-04781,2.103803720955957,2.2925007,0.18869701337326683
mb-kvrh-02425,2.214843848047698,2.2061977,0.008646109400237023
mb-kvrh-03960,1.4471580313422192,1.605139,0.15798098576288333
mb-kvrh-04496,1.4771212547196624,1.508521,0.03139970608813791
mb-kvrh-01318,1.9590413923210936,1.9649528,0.005911434178845321
mb-kvrh-01975,1.7558748556724915,1.7803892,0.024514334047662345
mb-kvrh-06219,1.724275869600789,1.7009308,0.023345035784260615
mb-kvrh-08139,2.220108088040055,2.1139708,0.10613733150929328
mb-kvrh-06797,2.1271047983648077,2.2287266,0.10162182707769718
mb-kvrh-05930,2.330413773349191,2.320386,0.010027840426827694
mb-kvrh-00662,1.8920946026904804,1.909735,0.017640361680247185
mb-kvrh-09493,1.8750612633917,2.1111367,0.23607541148928135
mb-kvrh-10360,2.0718820073061255,2.0835698,0.011687757784816899
mb-kvrh-02857,1.806179973983887,1.8182918,0.01211180934893763
mb-kvrh-10724,1.8976270912904414,1.8855566,0.012070512654271948
mb-kvrh-07222,1.968482948553935,1.955689,0.012793995154276816
mb-kvrh-01779,2.187520720836463,2.142435,0.04508564698392403
mb-kvrh-00790,1.7160033436347992,1.6204447,0.09555868821640323
mb-kvrh-05453,2.220108088040055,2.1164737,0.10363441326588507
mb-kvrh-07399,1.8573324964312685,1.7646161,0.09271636464873678
mb-kvrh-09512,1.8195439355418688,1.9603902,0.1408462746098036
mb-kvrh-06886,2.161368002234975,2.0082874,0.15308057242540452
mb-kvrh-05379,2.2355284469075487,2.3432927,0.1077642662577345
mb-kvrh-01954,2.2528530309798933,2.2641346,0.011281614482142821
mb-kvrh-05326,2.285557309007774,2.1921906,0.09336666188252973
mb-kvrh-02813,1.462397997898956,1.1430705,0.31932753853311135
mb-kvrh-01486,1.8864907251724818,1.8077209,0.07876982559057266
mb-kvrh-02198,2.0086001717619175,1.9373381,0.07126205797712748
mb-kvrh-03110,1.8260748027008264,1.7319859,0.09408887607271366
mb-kvrh-02568,2.450249108319361,2.509704,0.05945500468723086
mb-kvrh-04963,2.0969100130080562,1.9637886,0.1331213844298702
mb-kvrh-08131,1.9822712330395684,1.953375,0.028896251159380437
mb-kvrh-09605,1.7781512503836436,1.9826865,0.2045352692391591
mb-kvrh-08433,1.8260748027008264,1.9077773,0.08170250671689816
mb-kvrh-01634,1.8388490907372552,1.7648373,0.07401182572260678
mb-kvrh-07272,1.7708520116421442,1.8096378,0.03878577331574151
mb-kvrh-06735,1.6901960800285136,1.7090601,0.01886399287035112
mb-kvrh-07175,1.4771212547196624,1.5265844,0.049463132105899144
mb-kvrh-09274,1.7708520116421442,1.7658216,0.005030435523674992
mb-kvrh-07998,2.0755469613925306,2.021443,0.05410407122529426
mb-kvrh-10378,1.505149978319906,1.3847414,0.12040855280568485
mb-kvrh-09301,1.9294189257142926,2.092467,0.16304814391156186
mb-kvrh-01599,1.9637878273455553,1.5584016,0.4053862427203112
mb-kvrh-05125,1.1139433523068367,1.0127519,0.1011914153943001
mb-kvrh-10233,1.7403626894942439,1.7844355,0.04407282114113209
mb-kvrh-04709,1.8808135922807914,1.7719407,0.10887288412039098
mb-kvrh-05434,1.6720978579357175,1.6787171,0.006619278447339116
mb-kvrh-09606,1.5563025007672873,1.5267617,0.02954084972816373
mb-kvrh-06193,2.2227164711475833,2.225584,0.0028675590037838816
mb-kvrh-04322,2.1702617153949575,2.392442,0.22218027259637552
mb-kvrh-10952,1.1760912590556813,1.2655194,0.08942812151377666
mb-kvrh-05343,2.113943352306837,2.1363363,0.02239297429228415
mb-kvrh-08388,1.4913616938342726,1.6104721,0.1191103892574632
mb-kvrh-09760,1.3222192947339193,1.470516,0.14829667168148597
mb-kvrh-01229,1.792391689498254,1.9462634,0.1538717430044927
mb-kvrh-10884,2.2648178230095364,2.2292478,0.03557001455311548
mb-kvrh-04433,1.7558748556724915,1.5157334,0.2401414944282898
mb-kvrh-03661,1.6232492903979006,1.6413721,0.01812279421971419
mb-kvrh-00709,1.9030899869919435,1.8503689,0.05272112960821551
mb-kvrh-07182,2.361727836017593,2.2242973,0.137430550937637
mb-kvrh-06747,2.0043213737826426,2.0121956,0.00787421337556049
mb-kvrh-05411,2.5224442335063197,2.5434008,0.020956530959012287
mb-kvrh-07065,1.255272505103306,1.3856759,0.13040340203170375
mb-kvrh-06185,1.662757831681574,1.6782978,0.015539926420842898
mb-kvrh-00100,1.7403626894942439,1.8097255,0.06936283350075123
mb-kvrh-02197,1.9242792860618816,1.9304634,0.0061841472038044465
mb-kvrh-05061,2.1702617153949575,2.1914494,0.02118768836785989
mb-kvrh-07681,2.167317334748176,2.0901532,0.07716411743250218
mb-kvrh-04099,2.2013971243204513,2.2182784,0.016881283730085794
mb-kvrh-00650,2.037426497940624,1.993386,0.04404046774348025
mb-kvrh-04650,1.8864907251724818,1.9332017,0.04671094547418564
mb-kvrh-03830,1.3617278360175928,1.3551573,0.006570579891189032
mb-kvrh-05511,1.8976270912904414,1.7491486,0.14847848403641306
mb-kvrh-10379,2.103803720955957,2.22066,0.11685625028122582
mb-kvrh-07457,1.9294189257142926,1.8566446,0.07277429528216373
mb-kvrh-01436,2.2648178230095364,2.2182965,0.04652129514698755
mb-kvrh-05635,2.012837224705172,2.2143185,0.20148128916506725
mb-kvrh-10613,1.7993405494535817,1.7736431,0.025697413429106586
mb-kvrh-00561,2.2355284469075487,2.1874611,0.04806730913594226
mb-kvrh-01301,1.9030899869919435,2.0696476,0.1665575635909422
mb-kvrh-03397,1.146128035678238,1.2460421,0.09991409669938656
mb-kvrh-06897,2.1931245983544616,2.0887508,0.10437375912106317
mb-kvrh-01884,1.3424226808222062,1.1857355,0.15668721672613684
mb-kvrh-06952,1.863322860120456,1.8081199,0.05520296704642025
mb-kvrh-07961,1.8388490907372552,1.7701495,0.06869962136164487
mb-kvrh-00758,2.0969100130080562,2.1478028,0.0508928167343754
mb-kvrh-04948,1.9493900066449128,2.0165584,0.06716840209226982
mb-kvrh-03257,1.7323937598229686,1.7954966,0.0631028231619557
mb-kvrh-03435,1.7160033436347992,1.7181302,0.0021268872688262608
mb-kvrh-06580,1.8692317197309762,1.9863406,0.1171089222444266
mb-kvrh-07009,2.0170333392987803,1.9566908,0.06034255102973729
mb-kvrh-05733,1.9912260756924949,1.9650965,0.026129601998647223
mb-kvrh-03632,1.414973347970818,1.4239721,0.00899878185095937
mb-kvrh-05497,1.7160033436347992,1.7951179,0.07911451143722226
mb-kvrh-01325,2.0293837776852097,1.9872103,0.04217350394253394
mb-kvrh-01678,2.292256071356476,2.1237874,0.16846866824978646
mb-kvrh-06122,2.143014800254095,2.0280511,0.11496366232990063
mb-kvrh-02564,1.146128035678238,1.4959276,0.34979953657212826
mb-kvrh-08859,2.3502480183341627,2.247933,0.1023151074149733
mb-kvrh-09459,1.7558748556724915,1.579967,0.1759078337303528
mb-kvrh-00139,1.6434526764861874,1.8223584,0.17890569334108308
mb-kvrh-02921,2.184691430817599,2.1057193,0.07897210289096313
mb-kvrh-08532,2.173186268412274,2.225729,0.05254272023518691
mb-kvrh-06144,1.7558748556724915,1.7043061,0.05156873003162232
mb-kvrh-10598,2.1958996524092336,2.0706549,0.12524478332964373
mb-kvrh-05766,2.0863598306747484,1.9851034,0.10125646191559312
mb-kvrh-00974,2.290034611362518,2.283646,0.006388504642547144
mb-kvrh-08949,1.954242509439325,1.9215505,0.03269199712548221
mb-kvrh-08094,2.278753600952829,2.1834912,0.09526237094184253
mb-kvrh-06131,2.2624510897304293,2.3200226,0.0575714932773832
mb-kvrh-07493,2.1931245983544616,2.336197,0.1430723010596009
mb-kvrh-08368,2.0755469613925306,2.0459473,0.029599648083814767
mb-kvrh-01626,2.164352855784437,2.0996683,0.06468459139539906
mb-kvrh-03999,1.3617278360175928,1.4661942,0.10446631681443841
mb-kvrh-06247,2.2380461031287955,2.2031665,0.03487961829603181
mb-kvrh-02120,2.146128035678238,2.1130018,0.03312621225294521
mb-kvrh-06386,2.0170333392987803,2.0813756,0.06434225960869044
mb-kvrh-01004,1.8512583487190752,1.6948906,0.15636773039479546
mb-kvrh-06300,1.1139433523068367,1.1131372,0.0008061071286140642
mb-kvrh-02154,1.6334684555795864,1.686843,0.053374582025699224
mb-kvrh-10668,1.806179973983887,1.8603592,0.05417921791064417
mb-kvrh-05075,1.6989700043360187,1.7598565,0.06088645814261895
mb-kvrh-03145,1.8129133566428555,1.7547592,0.05815416417611963
mb-kvrh-09108,1.255272505103306,1.312942,0.057669522942348284
mb-kvrh-09511,1.8129133566428555,2.1873703,0.3744569436501133
mb-kvrh-01308,1.7993405494535817,1.8991778,0.09983724023452867
mb-kvrh-09686,1.806179973983887,1.7987938,0.007386181259277702
mb-kvrh-07676,2.287801729930226,2.3782628,0.09046102832477887
mb-kvrh-10763,2.123851640967086,2.0240576,0.09979401424284262
mb-kvrh-08991,1.1760912590556813,1.1340292,0.042062109046526075
mb-kvrh-07548,1.5314789170422551,1.5131087,0.01837018672609303
mb-kvrh-03171,0.7781512503836436,1.0219767,0.2438254589822011
mb-kvrh-06667,1.6020599913279623,1.6174104,0.015350430043497676
mb-kvrh-10556,0.0,0.11410928,0.11410927772521973
mb-kvrh-08735,2.3483048630481607,2.3215113,0.026793594432438006
mb-kvrh-07026,1.462397997898956,1.5321779,0.0697799272109072
mb-kvrh-05944,2.0086001717619175,2.0016677,0.006932433801102089
mb-kvrh-06744,1.9912260756924949,1.9338489,0.05737721781285621
mb-kvrh-03865,1.3979400086720377,1.5361031,0.13816312071486414
mb-kvrh-00885,1.6901960800285136,1.8448905,0.1546943952446187
mb-kvrh-03183,2.385606273598312,2.4425488,0.056942478232742566
mb-kvrh-10389,2.03342375548695,2.1259263,0.0925025006928597
mb-kvrh-04813,2.305351369446624,2.2941542,0.01119720227133092
mb-kvrh-09401,1.792391689498254,1.7728803,0.019511373717614244
mb-kvrh-00461,2.359835482339888,2.320337,0.039498425226240474
mb-kvrh-03965,1.6020599913279623,1.6056972,0.003637163670817012
mb-kvrh-06058,1.255272505103306,1.6653231,0.4100506331336935
mb-kvrh-09536,2.285557309007774,2.4232223,0.13766499438272906
mb-kvrh-03759,2.0863598306747484,2.1534295,0.06706967753448012
mb-kvrh-09313,1.1760912590556813,1.0404153,0.13567597203785908
mb-kvrh-10010,1.568201724066995,1.5795443,0.011342581734396617
mb-kvrh-09363,1.5314789170422551,1.4994859,0.03199306670808766
mb-kvrh-06338,1.3424226808222062,1.5170267,0.17460398200433191
mb-kvrh-08793,1.919078092376074,1.7888844,0.13019369105466283
mb-kvrh-09426,1.3617278360175928,1.5432615,0.18153369199754388
mb-kvrh-04325,2.2528530309798933,2.0324786,0.22037446004178296
mb-kvrh-02331,1.9590413923210936,1.7019621,0.2570792789406615
mb-kvrh-02077,1.568201724066995,1.5769502,0.008748468384482067
mb-kvrh-06901,2.271841606536499,2.258731,0.013110718169799807
mb-kvrh-02647,1.6232492903979006,1.655264,0.03201472956822493
mb-kvrh-03008,2.1760912590556813,1.916113,0.25997824006611836
mb-kvrh-01013,1.4471580313422192,1.3332429,0.11391513812322507
mb-kvrh-08603,1.8808135922807914,1.930177,0.04936338106210414
mb-kvrh-02875,2.1789769472931693,2.2196858,0.04070884562980437
mb-kvrh-10376,2.1958996524092336,2.1427221,0.05317752258745623
mb-kvrh-10334,1.7403626894942439,1.5614281,0.1789346194258845
mb-kvrh-08257,1.5797835966168101,1.7555642,0.17578061618226215
mb-kvrh-01737,1.8864907251724818,1.8781013,0.008389376295528717
mb-kvrh-05464,1.5185139398778875,1.4331596,0.08535435011043147
mb-kvrh-10451,1.7160033436347992,1.5491447,0.16685859876175235
mb-kvrh-01181,1.9867717342662448,1.852724,0.1340477781581515
mb-kvrh-03004,1.8325089127062364,1.8878341,0.05532515940680072
mb-kvrh-03869,2.1702617153949575,2.2207267,0.05046501304437356
mb-kvrh-02096,2.093421685162235,2.0619934,0.03142832464282597
mb-kvrh-06051,2.0827853703164503,2.051575,0.031210424866621178
mb-kvrh-10773,2.1583624920952498,2.179436,0.021073476303798078
mb-kvrh-06682,1.919078092376074,1.9141421,0.004935960570654041
mb-kvrh-08831,1.8692317197309762,1.9172643,0.048032622577068196
mb-kvrh-09069,2.0043213737826426,1.9924507,0.01187065967131451
mb-kvrh-08370,1.8573324964312685,1.9168612,0.05952868005951517
mb-kvrh-09166,0.9542425094393249,0.9990258,0.044783312246466145
mb-kvrh-03643,2.0791812460476247,1.8686187,0.21056251931727799
mb-kvrh-07867,1.7075701760979363,1.6071947,0.10037551400382005
mb-kvrh-07897,2.146128035678238,2.0451007,0.101027346743912
mb-kvrh-08335,1.7781512503836436,1.6912224,0.08692882110813094
mb-kvrh-09929,2.315970345456918,2.255408,0.06056229682715708
mb-kvrh-06751,1.4771212547196624,1.4082859,0.06883539847271414
mb-kvrh-00056,1.7075701760979363,1.8753943,0.16782416823189772
mb-kvrh-05759,2.060697840353612,2.1117628,0.05106492171609034
mb-kvrh-09716,1.6901960800285136,1.7087696,0.018573479831715867
mb-kvrh-03409,1.8864907251724818,1.9597073,0.0732165349593541
mb-kvrh-10327,1.8750612633917,1.7735977,0.10146354610654384
mb-kvrh-04810,1.0413926851582251,1.3702624,0.3288696992564477
mb-kvrh-03719,1.8325089127062364,1.8550559,0.022547015524049252
mb-kvrh-10500,2.089905111439398,2.0671425,0.02276262486713243
mb-kvrh-02441,2.3010299956639813,2.2162237,0.08480627892814141
mb-kvrh-08584,2.3384564936046046,2.4841502,0.1456936776753026
mb-kvrh-10792,2.1271047983648077,2.203829,0.07672425169927921
mb-kvrh-08307,2.123851640967086,2.1185944,0.005257232931807465
mb-kvrh-02506,1.9822712330395684,1.8707782,0.11149303002900934
mb-kvrh-06555,2.3201462861110542,2.173242,0.14690419397848586
mb-kvrh-06233,2.03342375548695,2.161658,0.12823429314281087
mb-kvrh-07131,2.012837224705172,2.1029909,0.09015364100222545
mb-kvrh-05072,1.8195439355418688,1.8141651,0.005378820185423461
mb-kvrh-06577,2.2648178230095364,2.161185,0.10363279684071314
mb-kvrh-02255,1.7853298350107671,2.0027187,0.21738885204672798
mb-kvrh-02072,1.3979400086720377,1.3074906,0.09044942143754064
mb-kvrh-01661,1.5314789170422551,1.5538168,0.022337878306865955
mb-kvrh-00547,2.110589710299249,2.1923962,0.08180645364118089
mb-kvrh-01442,2.146128035678238,2.125442,0.02068600763258388
mb-kvrh-07277,1.3010299956639813,1.5011535,0.2001234734217121
mb-kvrh-00685,1.6901960800285136,1.6146282,0.07556788426587935
mb-kvrh-09080,1.3979400086720377,1.3279581,0.06998190167740881
mb-kvrh-01282,2.0043213737826426,2.1441958,0.13987442127656147
mb-kvrh-10461,1.3424226808222062,1.3061767,0.03624601837713781
mb-kvrh-03269,1.6127838567197355,1.7579852,0.14520137754082363
mb-kvrh-09816,1.8260748027008264,1.8305331,0.004458344157388883
mb-kvrh-03948,2.130333768495006,2.2335546,0.10322083317430542
mb-kvrh-04142,2.041392685158225,1.9298893,0.11150336383101545
mb-kvrh-09754,2.2810333672477277,2.2694547,0.011578649611619252
mb-kvrh-08789,2.167317334748176,2.1333494,0.03396791610803929
mb-kvrh-00379,2.3710678622717363,2.307615,0.06345282053894818
mb-kvrh-05467,1.7853298350107671,1.8187859,0.033456070827245554
mb-kvrh-10470,2.3010299956639813,2.2579856,0.04304440377555352
mb-kvrh-05534,2.0253058652647704,1.9935068,0.031799076057311915
mb-kvrh-06422,1.4771212547196624,1.4427896,0.034331700123715114
mb-kvrh-04276,2.255272505103306,2.3235478,0.06827533501510219
mb-kvrh-04886,2.4265112613645754,2.408498,0.018013212582226767
mb-kvrh-09173,2.1583624920952498,2.12651,0.03185258723379958
mb-kvrh-05985,1.7323937598229686,1.7491281,0.01673434343325697
mb-kvrh-00897,1.6127838567197355,1.5827137,0.03007013353705723
mb-kvrh-02704,1.6334684555795864,1.6075041,0.02596432616979638
mb-kvrh-06925,1.6532125137753437,1.708428,0.055215511470322776
mb-kvrh-04348,1.2304489213782739,1.1029538,0.12749512975992672
mb-kvrh-03838,1.6334684555795864,1.5278229,0.10564560344488183
mb-kvrh-07260,1.6812412373755872,1.6950529,0.013811624791771226
mb-kvrh-00172,2.278753600952829,2.2615988,0.017154775498116948
mb-kvrh-08890,1.9444826721501687,1.8569484,0.08753429644826438
mb-kvrh-08314,1.9637878273455553,2.0730674,0.1092795993359632
mb-kvrh-06100,1.845098040014257,1.7812471,0.06385090103720614
mb-kvrh-02144,1.6334684555795864,1.6368086,0.003340178224734869
mb-kvrh-01059,1.9822712330395684,1.9306659,0.051605382400225164
mb-kvrh-08278,1.7075701760979363,1.695983,0.01158712384421312
mb-kvrh-00706,1.7708520116421442,1.8631693,0.09231730083496759
mb-kvrh-00048,0.9030899869919435,1.6934122,0.7903221977233275
mb-kvrh-00307,2.5428254269591797,2.4352794,0.10754605760493163
mb-kvrh-01019,2.1702617153949575,2.1893926,0.019130851285950712
mb-kvrh-05336,1.6434526764861874,1.5199509,0.12350180978696867
mb-kvrh-01005,1.7558748556724915,1.737743,0.01813183561481324
mb-kvrh-08658,2.1583624920952498,2.1738632,0.015500680435878156
mb-kvrh-07062,2.357934847000454,2.1491706,0.20876420986971667
mb-kvrh-04784,2.296665190261531,2.286377,0.010288237136530931
mb-kvrh-07863,1.9822712330395684,1.9320548,0.05021647496766901
mb-kvrh-01936,1.9030899869919435,1.8639959,0.039094077301086605
mb-kvrh-02943,1.724275869600789,1.6621115,0.06216434883357702
mb-kvrh-02415,2.0043213737826426,2.0164278,0.012106381573192326
mb-kvrh-01558,1.7323937598229686,1.7701122,0.03771839704501234
mb-kvrh-09575,1.5797835966168101,1.657232,0.07744844951050922
mb-kvrh-09523,2.0086001717619175,1.9651585,0.043441709237503456
mb-kvrh-00027,1.9777236052888478,2.010836,0.033112280712739084
mb-kvrh-07136,1.7481880270062005,1.6914339,0.05675412045102468
mb-kvrh-03560,2.146128035678238,2.0388603,0.1072677146333163
mb-kvrh-10417,2.423245873936808,2.4259925,0.0027466149242760807
mb-kvrh-04815,1.863322860120456,1.873239,0.009916180254299967
mb-kvrh-03843,2.3010299956639813,1.9428083,0.3582217252095745
mb-kvrh-01434,2.164352855784437,2.1772676,0.012914695637681994
mb-kvrh-10443,2.403120521175818,2.5457509,0.14263033522371815
mb-kvrh-01356,1.7075701760979363,1.7116984,0.004128236797266371
mb-kvrh-01347,2.0170333392987803,1.956793,0.06024038866859227
mb-kvrh-10594,2.278753600952829,2.3141646,0.03541103756645825
mb-kvrh-07057,1.2304489213782739,1.3709617,0.14051274472890385
mb-kvrh-10834,2.2095150145426308,2.1709094,0.0386056097879921
mb-kvrh-03784,0.6989700043360189,0.47170746,0.22726254107155353
mb-kvrh-10730,1.8388490907372552,1.9391583,0.1003092296896857
mb-kvrh-08616,2.1583624920952498,2.1918843,0.03352178715584886
mb-kvrh-05282,2.012837224705172,2.055154,0.042316860454129746
mb-kvrh-00401,1.505149978319906,1.4333315,0.07181848875691776
mb-kvrh-04679,2.2329961103921536,2.0592182,0.17377794213348663
mb-kvrh-09803,2.4409090820652177,2.5249934,0.08408433758199907
mb-kvrh-09659,2.0043213737826426,1.9342803,0.07004109748411969
mb-kvrh-01157,1.8512583487190752,1.898432,0.04717366765360542
mb-kvrh-03780,1.6532125137753437,1.5701878,0.08302470669221385
mb-kvrh-02263,1.591064607026499,1.7739222,0.18285759794481438
mb-kvrh-09179,2.1903316981702914,2.207396,0.017064332255734005
mb-kvrh-09470,2.103803720955957,1.9799867,0.12381705332290016
mb-kvrh-02634,2.110589710299249,2.3728862,0.26229647057843675
mb-kvrh-07833,1.6232492903979006,1.8315488,0.20829951960728743
mb-kvrh-01867,1.8692317197309762,1.8243916,0.044840116261127605
mb-kvrh-04674,2.0827853703164503,2.1016688,0.018883464369829017
mb-kvrh-09261,2.3783979009481375,2.2736316,0.10476632822474885
mb-kvrh-10151,1.3617278360175928,1.9200754,0.5583475805473486
mb-kvrh-05906,1.1760912590556813,1.4999826,0.32389133638804424
mb-kvrh-09020,1.591064607026499,1.574743,0.016321574571054764
mb-kvrh-02278,1.7634279935629373,1.8236418,0.060213783475636884
mb-kvrh-00698,2.2095150145426308,2.0850818,0.12443319882302628
mb-kvrh-08740,2.2095150145426308,2.1639948,0.04552022541909562
mb-kvrh-00857,2.1760912590556813,2.2701814,0.09409015840952861
mb-kvrh-00098,2.220108088040055,2.0282292,0.1918788514372718
mb-kvrh-03414,2.2833012287035497,2.3667183,0.08341706353277845
mb-kvrh-03135,2.287801729930226,2.272358,0.015443789256397888
mb-kvrh-08195,2.2528530309798933,2.3178778,0.06502473849032153
mb-kvrh-08256,2.0086001717619175,1.9714252,0.03717499609510844
mb-kvrh-00161,2.250420002308894,2.1974347,0.052985338536311044
mb-kvrh-04149,2.187520720836463,2.1865406,0.0009801171987677826
mb-kvrh-05140,2.1072099696478683,2.1438532,0.036643217913166826
mb-kvrh-06215,2.161368002234975,2.3007636,0.13939560479017166
mb-kvrh-09568,1.8750612633917,2.057632,0.1825707060602042
mb-kvrh-00297,2.2430380486862944,2.2159336,0.027104487361221175
mb-kvrh-06275,2.0170333392987803,2.0473292,0.030295848094408218
mb-kvrh-04685,1.2304489213782739,0.9519811,0.2784677941161584
mb-kvrh-04297,1.2041199826559248,1.2744212,0.07030123240144825
mb-kvrh-01870,2.3096301674258988,2.3611968,0.05156658893701627
mb-kvrh-02130,1.505149978319906,1.379385,0.1257649838130701
mb-kvrh-06356,1.5797835966168101,1.447165,0.13261858425719097
mb-kvrh-00507,1.4471580313422192,1.2900827,0.15707533824224362
mb-kvrh-00360,1.380211241711606,1.6200247,0.23981343937970268
mb-kvrh-06546,1.6812412373755872,1.6716206,0.00962062999948854
mb-kvrh-09035,2.2600713879850747,2.3017192,0.04164780070511087
mb-kvrh-05378,0.9542425094393249,1.1320553,0.17781277315344857
mb-kvrh-04058,2.346352974450639,2.2741158,0.0722371735930949
mb-kvrh-07987,1.7403626894942439,1.35975,0.38061265706931713
mb-kvrh-08483,2.1522883443830563,2.2653022,0.11301383686084021
mb-kvrh-09131,1.8388490907372552,1.8536065,0.014757371741382475
mb-kvrh-06393,1.3424226808222062,1.6112442,0.2688215208379501
mb-kvrh-06113,2.292256071356476,2.33576,0.04350404522067253
mb-kvrh-09989,1.9867717342662448,1.8435524,0.14321938326831996
mb-kvrh-09045,1.7708520116421442,1.6565343,0.11431769748656562
mb-kvrh-10697,2.290034611362518,2.5809374,0.2909027741965642
mb-kvrh-08441,2.330413773349191,2.3545375,0.02412371368083832
mb-kvrh-00581,2.380211241711606,2.3974752,0.017264000903140175
mb-kvrh-01455,1.662757831681574,1.831299,0.16854111565271546
mb-kvrh-05225,1.3617278360175928,1.429821,0.06809317838670403
mb-kvrh-05879,1.9444826721501687,1.8017069,0.14277576201680686
mb-kvrh-10647,2.1492191126553797,2.1905792,0.041360063293717
mb-kvrh-00930,1.9138138523837167,1.8840214,0.029792450978382234
mb-kvrh-03148,2.225309281725863,2.2326014,0.007292122464200634
mb-kvrh-00285,1.8325089127062364,2.257616,0.4251071303845839
mb-kvrh-06456,1.505149978319906,1.4376478,0.06750215880086308
mb-kvrh-03319,1.7853298350107671,1.6445571,0.14077271659493462
mb-kvrh-06102,1.8692317197309762,1.8544358,0.014795918224933757
mb-kvrh-05825,0.6020599913279624,1.1075832,0.5055231738407998
mb-kvrh-02550,2.357934847000454,2.251193,0.10674180043062975
mb-kvrh-04695,2.3384564936046046,2.4561012,0.11764468551832019
mb-kvrh-05554,2.296665190261531,2.2942386,0.002426622909236009
mb-kvrh-10484,1.9395192526186185,1.8409061,0.0986131094301419
mb-kvrh-02920,1.8129133566428555,1.8210794,0.008166016716824709
mb-kvrh-06008,2.041392685158225,2.12542,0.08402740837815204
mb-kvrh-08207,1.7708520116421442,1.8554538,0.08460183719666192
mb-kvrh-05840,1.6532125137753437,1.6619617,0.008749160914902854
mb-kvrh-08888,1.6532125137753437,1.8970374,0.24382487311888235
mb-kvrh-06750,1.4471580313422192,1.4599967,0.012838668944646026
mb-kvrh-00052,1.6720978579357175,1.7358767,0.06377882148475367
mb-kvrh-02689,2.2121876044039577,2.211513,0.0006745619540065029
mb-kvrh-00938,2.0293837776852097,1.9067602,0.12262356192593238
mb-kvrh-08701,1.8260748027008264,1.7854003,0.040674531285116
mb-kvrh-00031,2.0,2.045792,0.0457921028137207
mb-kvrh-07072,2.1492191126553797,2.2296262,0.0804070660860754
mb-kvrh-06817,1.568201724066995,1.6114312,0.04322951696846644
mb-kvrh-09573,1.568201724066995,1.4615252,0.10667652226950963
mb-kvrh-03896,1.7781512503836436,1.8883253,0.11017408321163225
mb-kvrh-08126,2.3283796034387376,2.3511963,0.02281668562376238
mb-kvrh-03040,1.5185139398778875,1.5272381,0.008724190691570488
mb-kvrh-01476,2.294466226161593,2.2926006,0.0018655944477257158
mb-kvrh-10155,2.357934847000454,2.2846768,0.07325805676302721
mb-kvrh-07387,2.0170333392987803,1.9773147,0.03971862868171483
mb-kvrh-09750,2.113943352306837,2.0860868,0.027856602276319364
mb-kvrh-06973,2.741151598851785,2.1272504,0.6139011658836453
mb-kvrh-02671,1.7993405494535817,1.642401,0.15693956945785414
mb-kvrh-01097,1.0791812460476249,1.1219368,0.04275555204807824
mb-kvrh-01336,1.9242792860618816,1.897504,0.026775314008353757
mb-kvrh-08815,1.0,1.2672279,0.2672278881072998
mb-kvrh-01789,1.7853298350107671,1.860794,0.07546411316275581
mb-kvrh-05449,0.6989700043360189,1.0360882,0.33711822388968915
mb-kvrh-04872,2.1072099696478683,2.0892863,0.017923642285807784
mb-kvrh-04272,1.568201724066995,1.5995828,0.03138106726143519
mb-kvrh-02952,1.9084850188786497,1.8678722,0.040612780719470054
mb-kvrh-05137,2.214843848047698,2.1274362,0.0874076870064382
mb-kvrh-04844,1.3010299956639813,1.568787,0.2677569830576374
mb-kvrh-07049,1.9242792860618816,1.8079245,0.11635477701341967
mb-kvrh-03930,1.7323937598229686,1.6637783,0.06861545476925768
mb-kvrh-00273,2.2695129442179165,2.3406842,0.07117123127341651
mb-kvrh-05264,2.0293837776852097,1.940245,0.08913874537472388
mb-kvrh-01487,2.173186268412274,2.1864583,0.013272080815631249
mb-kvrh-03969,2.413299764081252,2.3938773,0.019422496243727494
mb-kvrh-05971,1.591064607026499,1.2536083,0.3374562610410865
mb-kvrh-02431,1.6127838567197355,1.5841349,0.028648920387032817
mb-kvrh-03774,1.8573324964312685,1.4123437,0.4449887559680117
mb-kvrh-02520,1.5185139398778875,1.389023,0.12949099352016047
mb-kvrh-09226,1.0,0.9888559,0.011144101619720459
mb-kvrh-02870,1.8325089127062364,2.0109425,0.17843354640020892
mb-kvrh-02747,2.0718820073061255,2.066519,0.005362985318210445
mb-kvrh-10028,2.367355921026019,2.3975976,0.030241630319806312
mb-kvrh-05670,1.3222192947339193,1.3316041,0.009384828381620247
mb-kvrh-07934,1.806179973983887,1.7310472,0.07513282051098669
mb-kvrh-05585,2.0453229787866576,1.9811571,0.06416591434879138
mb-kvrh-09923,2.214843848047698,2.2541442,0.0393003436942454
mb-kvrh-04446,1.8573324964312685,1.8603519,0.003019423696600132
mb-kvrh-03772,1.7993405494535817,1.8936105,0.09426992799392808
mb-kvrh-04354,1.8920946026904804,1.675065,0.21702956210210145
mb-kvrh-07195,1.8129133566428555,1.9206743,0.10776096739278906
mb-kvrh-05961,2.1818435879447726,2.0716803,0.11016328055646696
mb-kvrh-04542,2.123851640967086,2.13363,0.009778396340653472
mb-kvrh-00117,2.167317334748176,1.8675482,0.29976910743799534
mb-kvrh-01929,2.130333768495006,2.1264,0.003933774598521733
mb-kvrh-10859,1.1760912590556813,1.3883127,0.21222143835490215
mb-kvrh-02113,1.9912260756924949,1.7533869,0.23783922056706763
mb-kvrh-05136,1.8195439355418688,1.7004982,0.11904571223712024
mb-kvrh-08369,2.103803720955957,2.037386,0.06641778040419899
mb-kvrh-01893,1.8388490907372552,1.5824116,0.2564374438942987
mb-kvrh-08342,1.5185139398778875,1.4729662,0.04554774572505549
mb-kvrh-03219,2.037426497940624,2.023459,0.013967540268504663
mb-kvrh-01353,1.8808135922807914,1.7273397,0.15347384771292027
mb-kvrh-09817,1.3979400086720377,1.5326415,0.13470152136488855
mb-kvrh-05598,1.8864907251724818,1.7745715,0.11191918720098526
mb-kvrh-06849,1.4471580313422192,1.6110616,0.16390354168634524
mb-kvrh-01822,1.6901960800285136,1.6075494,0.08264665108869429
mb-kvrh-04956,2.367355921026019,2.382354,0.014998100046368812
mb-kvrh-06311,2.1818435879447726,2.1715605,0.010283062050607583
mb-kvrh-01343,2.322219294733919,2.3055637,0.01665560645572084
mb-kvrh-07622,1.2304489213782739,1.5731411,0.34269217664418705
mb-kvrh-04258,2.0253058652647704,2.0056014,0.0197044591673583
mb-kvrh-01638,2.2041199826559246,2.2122731,0.008153138224202383
mb-kvrh-09456,2.3443922736851106,2.465372,0.12097981188617846
mb-kvrh-09041,2.1931245983544616,2.260861,0.06773632159793097
mb-kvrh-07554,2.2121876044039577,2.1803713,0.031816319919094393
mb-kvrh-09277,1.7481880270062005,1.6094872,0.13870085106473318
mb-kvrh-10304,1.9493900066449128,2.0683963,0.11900632323484794
mb-kvrh-00511,1.724275869600789,1.6099012,0.11437467979671179
mb-kvrh-01205,1.5797835966168101,1.5444039,0.03537968597990826
mb-kvrh-02192,2.2013971243204513,1.7353396,0.4660574827494064
mb-kvrh-02117,2.0681858617461617,1.9859015,0.08228438679346395
mb-kvrh-09074,2.3783979009481375,2.3041325,0.07426543940028596
mb-kvrh-03512,1.8692317197309762,1.7278125,0.14141919112074675
mb-kvrh-04208,2.1702617153949575,2.2631357,0.0928739562206431
mb-kvrh-08851,1.954242509439325,1.8936633,0.06057922227654422
mb-kvrh-03929,1.792391689498254,1.9484065,0.15601476840274708
mb-kvrh-09769,1.6434526764861874,1.6871202,0.043667522717303786
mb-kvrh-08618,1.7160033436347992,1.7537981,0.037794783539578214
mb-kvrh-08803,1.8573324964312685,1.79467,0.06266251066008932
mb-kvrh-06588,1.4471580313422192,1.4680243,0.020866222502995635
mb-kvrh-06709,1.3424226808222062,1.5117481,0.16932539466302332
mb-kvrh-06790,1.9138138523837167,1.8462276,0.06758620650969327
mb-kvrh-07093,1.99563519459755,2.0302606,0.034625368299178616
mb-kvrh-08221,0.8450980400142568,1.0749767,0.22987864264870705
mb-kvrh-02475,2.305351369446624,2.170861,0.13449036366354283
mb-kvrh-01303,2.0170333392987803,1.9058999,0.1111334569821909
mb-kvrh-06441,1.724275869600789,1.6074758,0.11680011200191198
mb-kvrh-09786,1.462397997898956,1.3526323,0.10976571373452737
mb-kvrh-09943,1.5797835966168101,1.9732852,0.3935016015948598
mb-kvrh-10959,1.7993405494535817,1.9408102,0.1414696540986644
mb-kvrh-02196,2.0211892990699383,1.8509686,0.17022069975048026
mb-kvrh-06579,2.0211892990699383,1.9808813,0.04030796571880302
mb-kvrh-01020,1.9395192526186185,1.9234183,0.016100969156094047
mb-kvrh-02330,2.3443922736851106,2.4106512,0.06625893328510424
mb-kvrh-08757,1.5185139398778875,1.1615419,0.35697200109614924
mb-kvrh-08201,1.9777236052888478,1.7422671,0.2354564734834279
mb-kvrh-09247,1.4913616938342726,1.4522804,0.039081291650739924
mb-kvrh-00059,2.12057393120585,2.1774046,0.05683071089925251
mb-kvrh-02333,2.093421685162235,2.158525,0.06510330491955196
mb-kvrh-05969,2.0569048513364727,1.7180591,0.33884578837870905
mb-kvrh-03745,1.6532125137753437,1.5738249,0.07938763126801951
mb-kvrh-03376,2.3783979009481375,2.4016683,0.02327040921726775
mb-kvrh-02344,2.060697840353612,2.0873137,0.02661581168496241
mb-kvrh-08084,1.5185139398778875,1.5218185,0.00330457876072332
mb-kvrh-06118,1.9493900066449128,1.8834298,0.06596024094361885
mb-kvrh-04427,1.8195439355418688,2.0776196,0.2580756170704359
mb-kvrh-06388,1.806179973983887,1.7397178,0.06646213283551061
mb-kvrh-07281,1.8129133566428555,1.7315999,0.0813134296943081
mb-kvrh-09302,1.7708520116421442,1.8267529,0.05590088943512628
mb-kvrh-09539,2.060697840353612,1.9321225,0.12857537140524755
mb-kvrh-03835,2.1818435879447726,2.2095034,0.02765982430193148
mb-kvrh-02912,2.290034611362518,2.2938454,0.0038108037528385985
mb-kvrh-04721,2.1398790864012365,2.127905,0.011974194433463037
mb-kvrh-00363,2.0530784434834195,2.0629427,0.0098642998179721
mb-kvrh-05091,1.2304489213782739,1.1113672,0.11908169573130123
mb-kvrh-01591,1.7853298350107671,1.6129444,0.17238547046303765
mb-kvrh-01697,2.2405492482826,2.2872925,0.04674323218615006
mb-kvrh-10428,2.2671717284030137,2.261989,0.005182611734312559
mb-kvrh-02727,1.8864907251724818,1.9524455,0.0659547818770787
mb-kvrh-04563,1.3222192947339193,1.4702988,0.14807947235592445
mb-kvrh-07986,2.093421685162235,1.9925683,0.10085343069140995
mb-kvrh-07325,2.0681858617461617,2.0651412,0.003044660726874593
mb-kvrh-10469,1.9084850188786497,1.8663225,0.04216250148363021
mb-kvrh-09719,2.0791812460476247,2.0022428,0.07693844247401627
mb-kvrh-10901,1.8325089127062364,1.7516016,0.08090733590112165
mb-kvrh-04223,0.9030899869919435,1.0557296,0.1526396406173094
mb-kvrh-05327,1.8129133566428555,1.8118407,0.001072703223360838
mb-kvrh-07908,2.0569048513364727,2.133747,0.07684224949360541
mb-kvrh-06301,2.0,1.7895182,0.21048176288604736
mb-kvrh-09824,2.326335860928751,2.2434707,0.08286519213602661
mb-kvrh-04450,1.8388490907372552,1.9107401,0.0718910463629645
mb-kvrh-01044,2.2833012287035497,2.3902073,0.10690606194586438
mb-kvrh-06557,1.8325089127062364,1.8899654,0.057456502294679135
mb-kvrh-00317,1.8260748027008264,1.9269147,0.10083988922422238
mb-kvrh-07909,2.0755469613925306,2.1621125,0.08656551304899773
mb-kvrh-03811,2.2671717284030137,2.2571917,0.0099800703829942
mb-kvrh-07046,2.292256071356476,2.37844,0.08618383190280143
mb-kvrh-05818,1.5797835966168101,1.3703032,0.2094804426251109
mb-kvrh-09218,1.7993405494535817,1.7600876,0.03925294016250502
mb-kvrh-07439,2.0530784434834195,1.9209903,0.13208809562117585
mb-kvrh-07578,1.6020599913279623,1.5403105,0.061749489275655156
mb-kvrh-05304,2.307496037913213,2.188912,0.11858412308777355
mb-kvrh-09667,2.093421685162235,1.8015918,0.2918299312025794
mb-kvrh-03539,2.0827853703164503,1.9816022,0.10118317839140145
mb-kvrh-00078,1.0413926851582251,1.1308706,0.08947789551499263
mb-kvrh-00084,1.6232492903979006,1.5354252,0.087824104240674
mb-kvrh-07945,2.2355284469075487,2.2245793,0.010949112648515502
mb-kvrh-02626,2.0863598306747484,2.0822597,0.004100175675969098
mb-kvrh-01139,1.863322860120456,1.7370157,0.126307135938327
mb-kvrh-00594,2.3180633349627615,2.3306215,0.012558145979010948
mb-kvrh-04780,2.3138672203691533,2.2908258,0.02304137655811811
mb-kvrh-07585,1.7323937598229686,1.7226928,0.009700912571076525
mb-kvrh-00740,2.1789769472931693,1.9740651,0.20491188190925813
mb-kvrh-08285,2.173186268412274,2.081132,0.09205433329264512
mb-kvrh-00241,2.1072099696478683,2.1220868,0.014876793734089677
mb-kvrh-08361,1.6127838567197355,1.5048767,0.10790712389350254
mb-kvrh-09163,2.1903316981702914,2.2949347,0.1046030514329801
mb-kvrh-04966,1.7781512503836436,1.8276553,0.04950406501552629
mb-kvrh-04590,2.2528530309798933,2.2764122,0.023559217631556884
