id_dim_percent,seed,val,test,metric,plotted_value,matched_on,confidence,abs_residual,source_dir
100.0,101,0.9518112691266497,0.9506452209089291,auc,0.95065,test,exact,4.779091070883368e-06,DimeNetPP/DimeNetPP_MP/results_dimenetpp_is_metal_fastfood/dimenetpp_is_metal_fastfood_dim100_modelseed101_splitseed1101_epochs300
100.0,202,0.9449575754735948,0.9437497242886065,auc,0.94375,test,exact,2.757113934936939e-07,DimeNetPP/DimeNetPP_MP/results_dimenetpp_is_metal_fastfood/dimenetpp_is_metal_fastfood_dim100_modelseed202_splitseed1202_epochs300
100.0,303,0.9469052379371558,0.9460396082930294,auc,0.94604,test,exact,3.917069706371734e-07,DimeNetPP/DimeNetPP_MP/results_dimenetpp_is_metal_fastfood/dimenetpp_is_metal_fastfood_dim100_modelseed303_splitseed1303_epochs300
100.0,404,0.9539069223904393,0.9512225697696715,auc,0.95122,test,exact,2.569769671501021e-06,DimeNetPP/DimeNetPP_MP/results_dimenetpp_is_metal_fastfood/dimenetpp_is_metal_fastfood_dim100_modelseed404_splitseed1404_epochs300
80.0,101,0.9537785656558051,0.9536545396032919,auc,0.95365,test,exact,4.539603291942029e-06,DimeNetPP/DimeNetPP_MP/results_dimenetpp_is_metal_fastfood/dimenetpp_is_metal_fastfood_dim80_modelseed101_splitseed1101_epochs300
80.0,202,0.9558280578504218,0.9517502884811841,auc,0.95175,test,exact,2.8848118416302526e-07,DimeNetPP/DimeNetPP_MP/results_dimenetpp_is_metal_fastfood/dimenetpp_is_metal_fastfood_dim80_modelseed202_splitseed1202_epochs300
80.0,303,0.9547817605676928,0.9563153740335187,auc,0.95632,test,exact,4.625966481208721e-06,DimeNetPP/DimeNetPP_MP/results_dimenetpp_is_metal_fastfood/dimenetpp_is_metal_fastfood_dim80_modelseed303_splitseed1303_epochs300
80.0,404,0.9561127240459095,0.9561134792742769,auc,0.95611,val,exact,2.7240459095079217e-06,DimeNetPP/DimeNetPP_MP/results_dimenetpp_is_metal_fastfood/dimenetpp_is_metal_fastfood_dim80_modelseed404_splitseed1404_epochs300
60.0,101,0.9547885195101959,0.9546557863075819,auc,0.95466,test,exact,4.213692418097992e-06,DimeNetPP/DimeNetPP_MP/results_dimenetpp_is_metal_fastfood/dimenetpp_is_metal_fastfood_dim60_modelseed101_splitseed1101_epochs300
60.0,202,0.9550124760925595,0.9523807606267879,auc,0.95238,test,exact,7.60626787887908e-07,DimeNetPP/DimeNetPP_MP/results_dimenetpp_is_metal_fastfood/dimenetpp_is_metal_fastfood_dim60_modelseed202_splitseed1202_epochs300
60.0,303,0.950786092159074,0.950354358698059,auc,0.95035,test,exact,4.35869805892608e-06,DimeNetPP/DimeNetPP_MP/results_dimenetpp_is_metal_fastfood/dimenetpp_is_metal_fastfood_dim60_modelseed303_splitseed1303_epochs300
60.0,404,0.9501175645350417,0.9549131338298578,auc,0.95491,test,exact,3.133829857726589e-06,DimeNetPP/DimeNetPP_MP/results_dimenetpp_is_metal_fastfood/dimenetpp_is_metal_fastfood_dim60_modelseed404_splitseed1404_epochs300
40.0,101,0.9515457544242476,0.9532630246112526,auc,0.95326,test,exact,3.0246112525667e-06,DimeNetPP/DimeNetPP_MP/results_dimenetpp_is_metal_fastfood/dimenetpp_is_metal_fastfood_dim40_modelseed101_splitseed1101_epochs300
40.0,202,0.950752097979507,0.9483425682139011,auc,0.94834,test,exact,2.5682139010996252e-06,DimeNetPP/DimeNetPP_MP/results_dimenetpp_is_metal_fastfood/dimenetpp_is_metal_fastfood_dim40_modelseed202_splitseed1202_epochs300
40.0,303,0.9480237979025647,0.9511653578207693,auc,0.95117,test,exact,4.642179230684995e-06,DimeNetPP/DimeNetPP_MP/results_dimenetpp_is_metal_fastfood/dimenetpp_is_metal_fastfood_dim40_modelseed303_splitseed1303_epochs300
40.0,404,0.9515537002593533,0.9530513121772055,auc,0.95305,test,exact,1.3121772055590952e-06,DimeNetPP/DimeNetPP_MP/results_dimenetpp_is_metal_fastfood/dimenetpp_is_metal_fastfood_dim40_modelseed404_splitseed1404_epochs300
20.0,101,0.9477709655641207,0.9474603399080418,auc,0.94746,test,exact,3.3990804182426615e-07,DimeNetPP/DimeNetPP_MP/results_dimenetpp_is_metal_fastfood/dimenetpp_is_metal_fastfood_dim20_modelseed101_splitseed1101_epochs300
20.0,202,0.9484689884784796,0.9441620760719658,auc,0.94416,test,exact,2.0760719657841875e-06,DimeNetPP/DimeNetPP_MP/results_dimenetpp_is_metal_fastfood/dimenetpp_is_metal_fastfood_dim20_modelseed202_splitseed1202_epochs300
20.0,303,0.9474713172061665,0.9457483719079597,auc,0.94575,test,exact,1.62809204029557e-06,DimeNetPP/DimeNetPP_MP/results_dimenetpp_is_metal_fastfood/dimenetpp_is_metal_fastfood_dim20_modelseed303_splitseed1303_epochs300
20.0,404,0.9491192497530657,0.9488916605085408,auc,0.94889,test,exact,1.6605085407794817e-06,DimeNetPP/DimeNetPP_MP/results_dimenetpp_is_metal_fastfood/dimenetpp_is_metal_fastfood_dim20_modelseed404_splitseed1404_epochs300
15.0,101,0.9474318494485715,0.9478602589968753,auc,0.94786,test,exact,2.589968752797489e-07,DimeNetPP/DimeNetPP_MP/results_dimenetpp_is_metal_fastfood/dimenetpp_is_metal_fastfood_dim15_modelseed101_splitseed1101_epochs300
15.0,202,0.9452720249481895,0.939357678068929,auc,0.93936,test,exact,2.321931070969896e-06,DimeNetPP/DimeNetPP_MP/results_dimenetpp_is_metal_fastfood/dimenetpp_is_metal_fastfood_dim15_modelseed202_splitseed1202_epochs300
15.0,303,0.9467668128419168,0.9469563718275288,auc,0.94696,test,exact,3.6281724712372565e-06,DimeNetPP/DimeNetPP_MP/results_dimenetpp_is_metal_fastfood/dimenetpp_is_metal_fastfood_dim15_modelseed303_splitseed1303_epochs300
15.0,404,0.9470514641324376,0.9490764948666663,auc,0.94908,test,exact,3.5051333336921786e-06,DimeNetPP/DimeNetPP_MP/results_dimenetpp_is_metal_fastfood/dimenetpp_is_metal_fastfood_dim15_modelseed404_splitseed1404_epochs300
10.0,101,0.9444178254776163,0.9451030994308977,auc,0.9451,test,exact,3.099430897601785e-06,DimeNetPP/DimeNetPP_MP/results_dimenetpp_is_metal_fastfood/dimenetpp_is_metal_fastfood_dim10_modelseed101_splitseed1101_epochs300
10.0,202,0.9498759836988986,0.943763800080798,auc,0.94376,test,exact,3.8000807979221563e-06,DimeNetPP/DimeNetPP_MP/results_dimenetpp_is_metal_fastfood/dimenetpp_is_metal_fastfood_dim10_modelseed202_splitseed1202_epochs300
10.0,303,0.9475310271367801,0.9490808459619547,auc,0.94908,test,exact,8.459619547096509e-07,DimeNetPP/DimeNetPP_MP/results_dimenetpp_is_metal_fastfood/dimenetpp_is_metal_fastfood_dim10_modelseed303_splitseed1303_epochs300
10.0,404,0.9459844120942914,0.9471314497462862,auc,0.94713,test,exact,1.4497462861307042e-06,DimeNetPP/DimeNetPP_MP/results_dimenetpp_is_metal_fastfood/dimenetpp_is_metal_fastfood_dim10_modelseed404_splitseed1404_epochs300
5.0,101,0.9528940469781314,0.9503398660213092,auc,0.95034,test,exact,1.3397869080833402e-07,DimeNetPP/DimeNetPP_MP/results_dimenetpp_is_metal_fastfood/dimenetpp_is_metal_fastfood_dim5_modelseed101_splitseed1101_epochs300
5.0,202,0.9460805963388811,0.9462346094997957,auc,0.94623,test,exact,4.609499795638072e-06,DimeNetPP/DimeNetPP_MP/results_dimenetpp_is_metal_fastfood/dimenetpp_is_metal_fastfood_dim5_modelseed202_splitseed1202_epochs300
5.0,303,0.9460314340745205,0.9459754697447963,auc,0.94598,test,exact,4.530255203749611e-06,DimeNetPP/DimeNetPP_MP/results_dimenetpp_is_metal_fastfood/dimenetpp_is_metal_fastfood_dim5_modelseed303_splitseed1303_epochs300
5.0,404,0.9491980954292613,0.9511688024095895,auc,0.95117,test,exact,1.1975904105065993e-06,DimeNetPP/DimeNetPP_MP/results_dimenetpp_is_metal_fastfood/dimenetpp_is_metal_fastfood_dim5_modelseed404_splitseed1404_epochs300
2.0,101,0.9464593381209868,0.9448744138142484,auc,0.94487,test,exact,4.41381424842735e-06,DimeNetPP/DimeNetPP_MP/results_dimenetpp_is_metal_fastfood/dimenetpp_is_metal_fastfood_dim2_modelseed101_splitseed1101_epochs300
2.0,202,0.945238880077499,0.9437544948212694,auc,0.94375,test,exact,4.4948212694073675e-06,DimeNetPP/DimeNetPP_MP/results_dimenetpp_is_metal_fastfood/dimenetpp_is_metal_fastfood_dim2_modelseed202_splitseed1202_epochs300
2.0,303,0.9421923039870431,0.9415605785785277,auc,0.94156,test,exact,5.785785277545585e-07,DimeNetPP/DimeNetPP_MP/results_dimenetpp_is_metal_fastfood/dimenetpp_is_metal_fastfood_dim2_modelseed303_splitseed1303_epochs300
2.0,404,0.9447824487503105,0.9471839308925657,auc,0.94718,test,exact,3.930892565673361e-06,DimeNetPP/DimeNetPP_MP/results_dimenetpp_is_metal_fastfood/dimenetpp_is_metal_fastfood_dim2_modelseed404_splitseed1404_epochs300
1.0,101,0.9405548993320333,0.9393368204056107,auc,0.93934,test,exact,3.1795943892243272e-06,DimeNetPP/DimeNetPP_MP/results_dimenetpp_is_metal_fastfood/dimenetpp_is_metal_fastfood_dim1_modelseed101_splitseed1101_epochs300
1.0,202,0.9364981145563009,0.935373213099948,auc,0.93537,test,exact,3.213099947996234e-06,DimeNetPP/DimeNetPP_MP/results_dimenetpp_is_metal_fastfood/dimenetpp_is_metal_fastfood_dim1_modelseed202_splitseed1202_epochs300
1.0,303,0.9398660196537421,0.9364464380014407,auc,0.93645,test,exact,3.5619985593315917e-06,DimeNetPP/DimeNetPP_MP/results_dimenetpp_is_metal_fastfood/dimenetpp_is_metal_fastfood_dim1_modelseed303_splitseed1303_epochs300
1.0,404,0.940037448086043,0.9398959898679684,auc,0.9399,test,exact,4.010132031551095e-06,DimeNetPP/DimeNetPP_MP/results_dimenetpp_is_metal_fastfood/dimenetpp_is_metal_fastfood_dim1_modelseed404_splitseed1404_epochs300
0.1,101,0.8896934120570142,0.8883813325593837,auc,0.88838,test,exact,1.3325593837265615e-06,DimeNetPP/DimeNetPP_MP/results_dimenetpp_is_metal_fastfood/dimenetpp_is_metal_fastfood_dim0.1_modelseed101_splitseed1101_epochs300
0.1,202,0.8917831776977336,0.8884501449951707,auc,0.88845,test,exact,1.4499517075883261e-07,DimeNetPP/DimeNetPP_MP/results_dimenetpp_is_metal_fastfood/dimenetpp_is_metal_fastfood_dim0.1_modelseed202_splitseed1202_epochs300
0.1,303,0.8948349016777689,0.889652674662449,auc,0.88965,test,exact,2.6746624489648596e-06,DimeNetPP/DimeNetPP_MP/results_dimenetpp_is_metal_fastfood/dimenetpp_is_metal_fastfood_dim0.1_modelseed303_splitseed1303_epochs300
0.1,404,0.8880748802874259,0.8942287333062129,auc,0.89423,test,exact,1.2666937870831063e-06,DimeNetPP/DimeNetPP_MP/results_dimenetpp_is_metal_fastfood/dimenetpp_is_metal_fastfood_dim0.1_modelseed404_splitseed1404_epochs300
0.01,101,0.7915653901458862,0.7891523142564201,auc,0.78915,test,exact,2.3142564200551163e-06,DimeNetPP/DimeNetPP_MP/results_dimenetpp_is_metal_fastfood/dimenetpp_is_metal_fastfood_dim0.01_modelseed101_splitseed1101_epochs300
0.01,202,0.7611596781841914,0.7598082514325384,auc,0.75981,test,exact,1.748567461601347e-06,DimeNetPP/DimeNetPP_MP/results_dimenetpp_is_metal_fastfood/dimenetpp_is_metal_fastfood_dim0.01_modelseed202_splitseed1202_epochs300
0.01,303,0.7603344418748947,0.753514311449268,auc,0.75351,test,exact,4.311449267935252e-06,DimeNetPP/DimeNetPP_MP/results_dimenetpp_is_metal_fastfood/dimenetpp_is_metal_fastfood_dim0.01_modelseed303_splitseed1303_epochs300
0.01,404,0.782918900146139,0.7866670026522815,auc,0.78667,test,exact,2.9973477184697117e-06,DimeNetPP/DimeNetPP_MP/results_dimenetpp_is_metal_fastfood/dimenetpp_is_metal_fastfood_dim0.01_modelseed404_splitseed1404_epochs300
